task,queueing
0x7f91b000ed40,7
0x7f91b000e9b0,6
0x7f91b000ed40,6
0x7f91b000e9b0,24
0x7f91b00114f0,16193
0x7f91b000ed40,16071
0x7f91b000e9b0,4
0x7f91b000ed40,2
0x7f91b000e9b0,5
0x7f91b000ed40,2
0x7f91b000e9b0,2
0x7f91b000ed40,2
0x7f91b000e9b0,2
0x7f91b000ed40,3
0x7f91b000e9b0,3
0x7f91b000ed40,3
0x7f91b000e9b0,3
0x7f91b000ed40,2
0x7f91b000e9b0,2
0x7f91b000ed40,3
0x7f91b000e9b0,9
0x7f91b00113c0,16055
0x7f91b00114f0,2
0x7f91b00113c0,6
0x7f91b00114f0,9
0x7f91b00113c0,3
0x7f91b00114f0,2
0x7f91b00113c0,3
0x7f91b00114f0,28
0x7f91b0014e70,16069
0x7f91b000ed40,32102
0x7f91b0015690,48190
0x7f91b000e9b0,16080
0x7f91b0012830,16046
0x7f91b000e9b0,8
0x7f91b0015690,2
0x7f91b000e9b0,2
0x7f91b0015690,3
0x7f91b000e9b0,2
0x7f91b0015690,2
0x7f91b000e9b0,5
0x7f91b0015690,3
0x7f91b000e9b0,3
0x7f91b0015690,3
0x7f91b000e9b0,4
0x7f91b0015690,3
0x7f91b000e9b0,2
0x7f91b0015690,5
0x7f91b000e9b0,2
0x7f91b0015690,2
0x7f91b000e9b0,3
0x7f91b0015690,2
0x7f91b000e9b0,2
0x7f91b0015690,3
0x7f91b000e9b0,2
0x7f91b0015690,10
0x7f91b0014e70,16080
0x7f91b000e9b0,16051
0x7f91b0015690,17
0x7f91b000ed40,16061
0x7f91b00114f0,32133
0x7f91b0014e70,16102
0x7f91b0010e80,16119
0x7f91b000e9b0,32240
0x7f91b000ed40,32237
0x7f91b0012800,48337
0x7f91b00114f0,48345
0x7f91b0016580,64418
0x7f91b000cc00,80475
0x7f91b0015690,80419
0x7f91b0014e70,80417
0x7f91b0015e50,96454
0x7f91b00113c0,96390
0x7f91b001bd00,112486
0x7f91b0010e80,112476
0x7f91b000e9b0,80362
0x7f91b000c8f0,96436
0x7f91b0015e50,64319
0x7f91b0014e70,80389
0x7f91b0018760,80608
0x7f91b00114f0,80578
0x7f91b0015690,80576
0x7f91b000cc00,80579
0x7f91b0012800,80554
0x7f91b0015bc0,80370
0x7f91b0016580,96408
0x7f91b0010e80,80361
0x7f91b000e9b0,80333
0x7f91b0015e50,64263
0x7f91b000c8f0,80333
0x7f91b000ed40,64252
0x7f91b00114f0,48209
0x7f91b0012800,48256
0x7f91b000cc00,32238
0x7f91b0010e80,32176
0x7f91b0014e70,48214
0x7f91b001bd00,64249
0x7f91b0015e50,64303
0x7f91b000e9b0,80345
0x7f91b00114f0,32126
0x7f91b000c8f0,48147
0x7f91b000ed40,64269
0x7f91b0014e70,80335
0x7f91b0010e80,32148
0x7f92b8011bb0,48213
0x7f91b0012800,64255
0x7f91b0016580,48211
0x7f91b00114f0,48211
0x7f91b0015e50,32159
0x7f91b0014e70,32165
0x7f91b0010e80,32208
0x7f91b0012800,32233
0x7f91b0016580,32206
0x7f91b000e9b0,48301
0x7f91b0013cd0,64409
0x7f91b00114f0,64365
0x7f91b000cc00,80396
0x7f91b0015e50,80359
0x7f91b0014e70,80342
0x7f91b0011390,96417
0x7f92b8011bb0,96417
0x7f91b000c240,112451
0x7f91b000cc00,64279
0x7f91b0016580,64285
0x7f91b000c8d0,64236
0x7f91b00114f0,80330
0x7f91b00146c0,48194
0x7f91b0014e70,32138
0x7f91b000e9b0,48174
0x7f91b000c240,32190
0x7f91b0016580,16104
0x7f91b0018760,32141
0x7f91b0013cd0,48170
0x7f91b000cc00,64304
0x7f91b00146c0,64298
0x7f91b00114f0,32172
0x7f91b0010e80,48288
0x7f91b0014e70,64313
0x7f91b000ed40,64276
0x7f91b000c240,64278
0x7f91b0018760,64261
0x7f91b0010de0,80305
0x7f91b000cc00,48212
0x7f91b00146c0,48178
0x7f91b0018760,32092
0x7f91b000ed40,2
0x7f91b000cc00,3
0x7f91b000ed40,2
0x7f91b000cc00,2
0x7f91b000ed40,3
0x7f91b000cc00,3
0x7f91b000ed40,10
0x7f91b0014e70,16094
0x7f91b000cc00,16047
0x7f91b000ed40,2
0x7f91b000cc00,3
0x7f91b000ed40,3
0x7f91b000cc00,2
0x7f91b000ed40,10
0x7f91b00114f0,16048
0x7f91b0014e70,2
0x7f91b00114f0,2
0x7f91b0014e70,3
0x7f91b00114f0,10
0x7f91b000cc00,16082
0x7f91b0014e70,16054
0x7f91b00114f0,3
0x7f91b0014e70,3
0x7f91b00114f0,3
0x7f91b0014e70,10
0x7f91b000ed40,16090
0x7f91b00114f0,16088
0x7f91b000cc00,16086
0x7f91b0014e70,16105
0x7f91b000ed40,16090
0x7f91b0010e80,32133
0x7f91b00114f0,32103
0x7f91b0014e70,3
0x7f91b00114f0,3
0x7f91b0014e70,2
0x7f91b00114f0,3
0x7f91b0014e70,8
0x7f91b00114f0,3
0x7f91b0014e70,9
0x7f91b0016580,16086
0x7f91b00114f0,16109
0x7f91b0010e80,16055
0x7f91b000cc00,32091
0x7f91b000ed40,2
0x7f91b000cc00,2
0x7f91b000ed40,3
0x7f91b000cc00,6
0x7f91b000ed40,10
0x7f91b0016580,16047
0x7f91b0010e80,4
0x7f91b0016580,17
0x7f91b000cc00,16116
0x7f91b0014e70,32162
0x7f91b0010e80,32188
0x7f91b000f520,48225
0x7f91b00114f0,32139
0x7f91b000ed40,48240
0x7f91b0016610,64278
0x7f91b0013cd0,48201
0x7f91b0014e70,48141
0x7f91b0016580,64187
0x7f91b0013cd0,3
0x7f91b00114f0,3
0x7f91b0013cd0,14
0x7f91b00114f0,5
0x7f91b0013cd0,2
0x7f91b00114f0,16
0x7f91b0016610,16049
0x7f91b000f520,3
0x7f91b0013cd0,2
0x7f91b0016610,16060
0x7f91b000f520,10
0x7f91b00114f0,16080
0x7f91b0016610,16046
0x7f91b000f520,2
0x7f91b0016610,2
0x7f91b000f520,8
0x7f91b0016610,3
0x7f91b000f520,3
0x7f91b0016610,2
0x7f91b000f520,4
0x7f91b0016610,2
0x7f91b000f520,10
0x7f91b0013cd0,16053
0x7f91b00114f0,2
0x7f91b0013cd0,3
0x7f91b00114f0,3
0x7f91b0013cd0,2
0x7f91b00114f0,4
0x7f91b0013cd0,3
0x7f91b00114f0,24
0x7f91b0016610,16048
0x7f91b000ed40,32216
0x7f91b0010e80,48260
0x7f91b000f520,32125
0x7f91b0013cd0,48196
0x7f91b000c8a0,64268
0x7f91b0011370,80403
0x7f91b0016610,48293
0x7f91b00114f0,48287
0x7f91b0016580,48257
0x7f91b000cc00,64287
0x7f91b000dd80,80378
0x7f91b000e930,80365
0x7f91b000f520,80366
0x7f91b0013cd0,80399
0x7f91b0010e80,64375
0x7f91b000ed40,64341
0x7f91b0011370,64303
0x7f91b0016610,64251
0x7f91b000c8a0,80297
0x7f91b00114f0,80318
0x7f91b00168e0,96356
0x7f91b0011370,32109
0x7f91b000ed40,48212
0x7f91b0010e80,64283
0x7f91b000f520,32133
0x7f91b0016850,48257
0x7f91b000e930,48227
0x7f91b0011370,32110
0x7f91b000dd80,48181
0x7f91b0013cd0,64224
0x7f91b000f520,32142
0x7f91b0010e80,16129
0x7f91b0011370,16103
0x7f91b000ed40,32174
0x7f91b00168e0,48211
0x7f91b000dd80,48227
0x7f91b000f520,48229
0x7f91b0016850,32171
0x7f91b000e930,48241
0x7f91b0010e80,48246
0x7f91b0011370,48266
0x7f91b00168e0,48267
0x7f91b000ed40,48293
0x7f91b00114f0,48269
0x7f91b000dd80,64381
0x7f91b000f520,64406
0x7f91b0016850,64385
0x7f91b0016290,80420
0x7f91b000e930,80417
0x7f91b000cc00,80371
0x7f91b0016580,96442
0x7f91b0010e80,96458
0x7f91b0014dd0,112563
0x7f91b0011370,112587
0x7f91b0014490,96588
0x7f91b00114f0,80507
0x7f91b0012870,80505
0x7f91b00168e0,96567
0x7f91b000ed40,112625
0x7f91b000dd80,112557
0x7f91b0014370,128628
0x7f91b0015ad0,128576
0x7f91b001c010,144647
0x7f91b000f520,144595
0x7f91b00185b0,160660
0x7f91b000cc00,144561
0x7f91b0016290,160601
0x7f91b0016580,160566
0x7f91b0010e80,128451
0x7f91b0014370,112371
0x7f91b001bf80,96286
0x7f91b000ad00,3
0x7f91b00185b0,9
0x7f91b000ad00,2
0x7f91b00185b0,2
0x7f91b000ad00,9
0x7f91b00185b0,4
0x7f91b000ad00,3
0x7f91b00185b0,2
0x7f91b000ad00,3
0x7f91b00185b0,24
0x7f91b000ed40,16054
0x7f91b00168e0,32114
0x7f91b00114f0,48148
0x7f91b000e930,10
0x7f91b000be20,16087
0x7f91b00168e0,16054
0x7f91b000e930,3
0x7f91b00168e0,2
0x7f91b000e930,2
0x7f91b00168e0,3
0x7f91b000e930,3
0x7f91b00168e0,3
0x7f91b000e930,10
0x7f91b000ed40,16049
0x7f91b000be20,2
0x7f91b000ed40,3
0x7f91b000be20,17
0x7f91b00168e0,16056
0x7f91b000ad00,32099
0x7f91b00185b0,3
0x7f91b000ad00,5
0x7f91b00185b0,3
0x7f91b000ad00,3
0x7f91b00185b0,9
0x7f91b000e930,16081
0x7f91b000ad00,16086
0x7f91b00168e0,16047
0x7f91b000e930,3
0x7f91b00168e0,2
0x7f91b000e930,2
0x7f91b00168e0,2
0x7f91b000e930,17
0x7f91b00185b0,16061
0x7f91b000ed40,32098
0x7f91b000be20,3
0x7f91b000ed40,4
0x7f91b000be20,3
0x7f91b000ed40,12
0x7f91b000be20,2
0x7f91b000ed40,2
0x7f91b000ad00,2
0x7f91b000be20,16092
0x7f91b00185b0,16107
0x7f91b000ed40,16055
0x7f91b00168e0,32137
0x7f91b000be20,16047
0x7f91b000ed40,3
0x7f91b000be20,3
0x7f91b000ed40,4
0x7f91b000be20,2
0x7f91b000ed40,9
0x7f91b000be20,3
0x7f91b000ed40,3
0x7f91b000be20,16
0x7f91b000ed40,3
0x7f91b000be20,2
0x7f91b000ed40,8
0x7f91b000be20,6
0x7f91b000ed40,2
0x7f91b000be20,17
0x7f91b000ed40,3
0x7f91b000be20,4
0x7f91b000ed40,4
0x7f91b000be20,3
0x7f91b000ed40,4
0x7f91b000be20,3
0x7f91b000ed40,2
0x7f91b000be20,3
0x7f91b000ed40,23
0x7f91b000e930,16121
0x7f91b000ad00,32152
0x7f91b000be20,32135
0x7f91b0014ad0,48211
0x7f91b00185b0,32130
0x7f91b000ed40,32091
0x7f91b00185b0,2
0x7f91b000be20,10
0x7f91b0014ad0,16082
0x7f91b00185b0,16081
0x7f91b000ad00,16125
0x7f91b000be20,16100
0x7f91b000e930,32137
0x7f91b000ed20,48233
0x7f91b0014ad0,48195
0x7f91b0010e80,32099
0x7f91b00185b0,48133
0x7f91b0010e80,16
0x7f91b000be20,10
0x7f91b0014ad0,16107
0x7f91b0010e80,16056
0x7f91b000ed20,32135
0x7f91b000be20,16045
0x7f91b0010e80,4
0x7f91b000be20,2
0x7f91b0010e80,4
0x7f91b000be20,2
0x7f91b0010e80,5
0x7f91b000be20,2
0x7f91b0010e80,2
0x7f91b000be20,2
0x7f91b0010e80,3
0x7f91b000be20,2
0x7f91b0010e80,3
0x7f91b000be20,2
0x7f91b0010e80,2
0x7f91b000be20,2
0x7f91b0010e80,9
0x7f91b000ad00,16083
0x7f91b000be20,16079
0x7f91b000ed20,16084
0x7f91b0010e80,16088
0x7f91b000ad00,16079
0x7f91b000be20,16080
0x7f91b000ed20,16085
0x7f91b0010e80,16081
0x7f91b000ad00,16046
0x7f91b000ed20,3
0x7f91b000ad00,2
0x7f91b000ed20,3
0x7f91b000ad00,16
0x7f91b000be20,16061
0x7f91b000e930,32144
0x7f91b0010e80,16053
0x7f91b000be20,2
0x7f91b0010e80,3
0x7f91b000be20,2
0x7f91b0010e80,2
0x7f91b000be20,2
0x7f91b0010e80,5
0x7f91b000be20,17
0x7f91b0010e80,16
0x7f91b0014ad0,16118
0x7f91b000be20,16067
0x7f91b0010e80,3
0x7f91b000e930,9
0x7f91b000be20,16062
0x7f91b000ed20,32133
0x7f91b0010e80,16048
0x7f91b000be20,3
0x7f91b0010e80,3
0x7f91b000be20,5
0x7f91b0010e80,6
0x7f91b000be20,3
0x7f91b0010e80,10
0x7f91b000ad00,16084
0x7f91b000be20,16081
0x7f91b000ed20,16055
0x7f91b000ad00,2
0x7f91b000ed20,10
0x7f91b0010e80,16047
0x7f91b000be20,3
0x7f91b0010e80,2
0x7f91b000be20,2
0x7f91b0010e80,2
0x7f91b000be20,2
0x7f91b0010e80,2
0x7f91b000be20,3
0x7f91b0010e80,10
0x7f91b000ad00,16047
0x7f91b000ed20,8
0x7f91b000ad00,2
0x7f91b000ed20,3
0x7f91b000ad00,3
0x7f91b000ed20,3
0x7f91b000ad00,3
0x7f91b000ed20,3
0x7f91b000ad00,6
0x7f91b000ed20,5
0x7f91b000ad00,3
0x7f91b000ed20,5
0x7f91b000ad00,4
0x7f91b000ed20,5
0x7f91b000ad00,6
0x7f91b000ed20,3
0x7f91b000ad00,4
0x7f91b000ed20,3
0x7f91b000ad00,4
0x7f91b000ed20,12
0x7f91b000ad00,2
0x7f91b000ed20,3
0x7f91b000ad00,2
0x7f91b000ed20,9
0x7f91b000be20,16107
0x7f91b000ad00,16057
0x7f91b0014ad0,32135
0x7f91b000ed20,16050
0x7f91b000ad00,3
0x7f91b000ed20,3
0x7f91b000ad00,12
0x7f91b000e930,16082
0x7f91b000ed20,16046
0x7f91b000ad00,4
0x7f91b000ed20,3
0x7f91b000ad00,2
0x7f91b000ed20,2
0x7f91b000ad00,25
0x7f91b0014ad0,16091
0x7f91b0010e80,32184
0x7f91b000f4f0,48223
0x7f91b000ed20,48177
0x7f91b000e930,48135
0x7f91b000ed20,10
0x7f91b000f4f0,16084
0x7f91b0014ad0,16103
0x7f91b000ad00,16121
0x7f91b0010e80,32191
0x7f91b000ed20,32132
0x7f91b000e930,48169
0x7f91b000f4f0,48139
0x7f91b000e930,2
0x7f91b000ad00,5
0x7f91b000e930,17
0x7f91b000ed20,16056
0x7f91b0010e80,32128
0x7f91b000be20,16080
0x7f91b0014ad0,16053
0x7f91b0010e80,2
0x7f91b0014ad0,3
0x7f91b0010e80,10
0x7f91b000ed20,16155
0x7f91b0014ad0,16057
0x7f91b000ad00,32095
0x7f91b000e930,3
0x7f91b000ad00,3
0x7f91b000e930,3
0x7f91b000ad00,10
0x7f91b0010e80,16082
0x7f91b000e930,16090
0x7f91b0014ad0,16090
0x7f91b000ad00,16129
0x7f91b0010e80,16064
0x7f91b000be20,32135
0x7f91b0015350,48230
0x7f91b0014ad0,32151
0x7f91b000ed20,32142
0x7f91b000e930,48236
0x7f91b0010e80,32151
0x7f91b000be20,32102
0x7f91b00168e0,48136
0x7f91b000be20,10
0x7f91b0010e80,16136
0x7f91b0015350,16070
0x7f91b000e930,32109
0x7f91b00168e0,48205
0x7f91b0014ad0,16113
0x7f91b000be20,32198
0x7f91b000ad00,32147
0x7f91b000ed20,48183
0x7f91b000e930,48135
0x7f91b000ed20,3
0x7f91b0014ad0,2
0x7f91b000ed20,2
0x7f91b0014ad0,3
0x7f91b000ed20,2
0x7f91b0014ad0,2
0x7f91b000ed20,3
0x7f91b0014ad0,4
0x7f91b000ed20,5
0x7f91b0014ad0,10
0x7f91b000ad00,16054
0x7f91b0010e80,5
0x7f91b000ad00,2
0x7f91b0010e80,3
0x7f91b000ad00,3
0x7f91b0010e80,3
0x7f91b000ad00,2
0x7f91b0010e80,2
0x7f91b000ad00,3
0x7f91b0010e80,11
0x7f91b000ed20,16081
0x7f91b000ad00,16047
0x7f91b0010e80,2
0x7f91b000ad00,2
0x7f91b0010e80,17
0x7f91b0014ad0,16091
0x7f91b000be20,32167
0x7f91b000ad00,32132
0x7f91b000ed20,32136
0x7f91b0010e80,16046
0x7f91b000ad00,2
0x7f91b0010e80,3
0x7f91b000ad00,2
0x7f91b0010e80,2
0x7f91b000ad00,2
0x7f91b0010e80,4
0x7f91b000ad00,2
0x7f91b0010e80,9
0x7f91b0014ad0,16082
0x7f91b000ad00,16046
0x7f91b0010e80,8
0x7f91b000ad00,2
0x7f91b0010e80,3
0x7f91b000ad00,3
0x7f91b0010e80,2
0x7f91b000ad00,2
0x7f91b0010e80,2
0x7f91b000ad00,2
0x7f91b0010e80,2
0x7f91b000ad00,2
0x7f91b0010e80,4
0x7f91b000ad00,3
0x7f91b0010e80,3
0x7f91b000ad00,3
0x7f91b0010e80,3
0x7f91b000ad00,3
0x7f91b0010e80,17
0x7f91b000ed20,16089
0x7f91b00168e0,32198
0x7f91b000ad00,32165
0x7f91b0014ad0,32107
0x7f91b0011540,48142
0x7f91b0014ad0,3
0x7f91b0015350,3
0x7f91b0014ad0,3
0x7f91b000ad00,3
0x7f91b0015350,16095
0x7f91b000ed20,16080
0x7f91b0014ad0,16046
0x7f91b0015350,3
0x7f91b0014ad0,2
0x7f91b0015350,17
0x7f91b000ad00,16095
0x7f91b00168e0,32136
0x7f91b0014ad0,32154
0x7f91b0010e80,16119
0x7f91b000ed20,32219
0x7f91b0015350,32171
0x7f91b000d7d0,48242
0x7f91b00168e0,48185
0x7f91b000c2d0,64223
0x7f91b0014ad0,48140
0x7f91b000c240,2
0x7f91b0015350,3
0x7f91b000c240,3
0x7f91b0015350,2
0x7f91b000c240,2
0x7f91b0015350,6
0x7f91b000c240,2
0x7f91b0015350,3
0x7f91b000c240,2
0x7f91b0015350,10
0x7f91b0010e80,16047
0x7f91b00168e0,16
0x7f91b000c240,16083
0x7f91b0010e80,16047
0x7f91b00168e0,3
0x7f91b0010e80,5
0x7f91b00168e0,3
0x7f91b0010e80,2
0x7f91b00168e0,10
0x7f91b0015350,16083
0x7f91b0010e80,16048
0x7f91b00168e0,2
0x7f91b0010e80,3
0x7f91b00168e0,2
0x7f91b0010e80,3
0x7f91b00168e0,3
0x7f91b000c240,3
0x7f91b0010e80,16055
0x7f91b00168e0,10
0x7f91b0015350,16081
0x7f91b0010e80,16105
0x7f91b000c240,16096
0x7f91b000ed20,32134
0x7f91b00168e0,32092
0x7f91b0010e80,10
0x7f91b000be20,16047
0x7f91b000ed20,10
0x7f91b00168e0,16081
0x7f91b000be20,16047
0x7f91b000ed20,2
0x7f91b000be20,9
0x7f91b0010e80,16105
0x7f91b000ed20,16061
0x7f91b0015350,32101
0x7f91b000c240,2
0x7f91b0015350,22
0x7f91b000be20,16095
0x7f91b00168e0,32209
0x7f91b000c240,32207
0x7f91b000ed20,32147
0x7f91b000e930,48185
0x7f91b0016210,64257
0x7f91b0010e80,64216
0x7f91b000ad00,32135
0x7f91b0016210,16125
0x7f91b000ed20,16058
0x7f91b000e930,32152
0x7f91b000c240,48181
0x7f91b0014ad0,32092
0x7f91b000be20,2
0x7f91b000c240,2
0x7f91b000be20,3
0x7f91b000c240,2
0x7f91b000be20,15
0x7f91b000ad00,16113
0x7f91b000c240,16056
0x7f91b00168e0,32092
0x7f91b000be20,2
0x7f91b0016210,16061
0x7f91b00168e0,3
0x7f91b0016210,8
0x7f91b00168e0,2
0x7f91b0016210,10
0x7f91b000c240,16081
0x7f91b00168e0,16053
0x7f91b0016210,17
0x7f91b000be20,16125
0x7f91b000e930,32200
0x7f91b00168e0,32199
0x7f91b000c2d0,48269
0x7f91b000c240,48235
0x7f91b000ad00,48185
0x7f91b00185b0,64257
0x7f91b0016210,64224
0x7f91b000e930,32091
0x7f91b00168e0,3
0x7f91b0016210,4
0x7f91b00168e0,3
0x7f91b0016210,3
0x7f91b00168e0,2
0x7f91b0016210,3
0x7f91b00168e0,3
0x7f91b0016210,2
0x7f91b000ece0,2
0x7f91b00168e0,16092
0x7f91b00185b0,16082
0x7f91b0016210,16106
0x7f91b000ece0,16054
0x7f91b000be20,32099
0x7f91b000c240,2
0x7f91b000be20,3
0x7f91b000c240,10
0x7f91b00185b0,16048
0x7f91b000ece0,2
0x7f91b00185b0,4
0x7f91b000ece0,2
0x7f91b00185b0,3
0x7f91b000ece0,3
0x7f91b00185b0,2
0x7f91b000ece0,2
0x7f91b00185b0,3
0x7f91b000ece0,2
0x7f91b00185b0,3
0x7f91b000ece0,3
0x7f91b00185b0,2
0x7f91b000ece0,2
0x7f91b00185b0,2
0x7f91b000ece0,15
0x7f91b000be20,16084
0x7f91b00185b0,16047
0x7f91b000ece0,10
0x7f91b000c240,16058
0x7f91b000be20,2
0x7f91b000c240,17
0x7f91b00185b0,16062
0x7f91b00168e0,32100
0x7f91b0016210,5
0x7f91b00168e0,14
0x7f91b000ece0,16054
0x7f91b00185b0,2
0x7f91b000ece0,3
0x7f91b00185b0,2
0x7f91b000ece0,2
0x7f91b00185b0,2
0x7f91b000ece0,11
0x7f91b00185b0,5
0x7f91b000ece0,2
0x7f91b00185b0,3
0x7f91b000ece0,5
0x7f91b00185b0,5
0x7f91b0016210,15
0x7f91b000ece0,16146
0x7f91b000be20,32204
0x7f91b00168e0,32170
0x7f91b00185b0,32193
0x7f91b000c240,32189
0x7f91b0016210,32135
0x7f91b000e930,48216
0x7f91b000ece0,48240
0x7f91b00168e0,32153
0x7f91b0015350,32101
0x7f91b000be20,48208
0x7f91b000e930,16090
0x7f91b0016210,32162
0x7f91b000c240,32131
0x7f91b0015350,32133
0x7f91b000be20,16047
0x7f91b0015350,2
0x7f91b000c240,6
0x7f91b0015350,3
0x7f91b000c240,2
0x7f91b0015350,10
0x7f91b0016210,16129
0x7f91b000c240,16069
0x7f91b000ece0,32112
0x7f91b000ace0,48149
0x7f91b000ece0,3
0x7f91b00185b0,2
0x7f91b000ece0,2
0x7f91b00185b0,3
0x7f91b000ece0,2
0x7f91b00185b0,10
0x7f91b000c240,16048
0x7f91b00168e0,2
0x7f91b000c240,2
0x7f91b00168e0,2
0x7f91b000c240,4
0x7f91b00168e0,3
0x7f91b000c240,4
0x7f91b00168e0,3
0x7f91b000c240,2
0x7f91b00168e0,2
0x7f91b000c240,10
0x7f91b000ece0,16093
0x7f91b00168e0,16048
0x7f91b000c240,2
0x7f91b00168e0,7
0x7f91b000c240,3
0x7f91b00168e0,18
0x7f91b00185b0,16133
0x7f91b0016210,32171
0x7f91b000ace0,32095
0x7f91b000c240,48146
0x7f91b000ace0,3
0x7f91b00168e0,3
0x7f91b000ace0,2
0x7f91b00168e0,2
0x7f91b000ace0,3
0x7f91b00168e0,3
0x7f91b000ace0,2
0x7f91b00168e0,2
0x7f91b000ace0,3
0x7f91b00168e0,2
0x7f91b000ace0,2
0x7f91b00168e0,17
0x7f91b00185b0,16058
0x7f91b0016210,32111
0x7f91b000e930,3
0x7f91b0016210,16
0x7f91b0015350,16108
0x7f91b000e930,16055
0x7f91b000ace0,32127
0x7f91b0016210,16052
0x7f91b000e930,24
0x7f91b00168e0,16081
0x7f91b00185b0,32181
0x7f91b000a360,48218
0x7f91b0016210,48209
0x7f91b000ace0,48203
0x7f91b000ece0,32132
0x7f91b000e930,32135
0x7f91b000a360,16106
0x7f91b0016210,16056
0x7f91b00168e0,32157
0x7f91b000e930,16054
0x7f91b000ece0,32096
0x7f91b000e930,10
0x7f91b000a360,2
0x7f91b000e930,5
0x7f91b000a360,3
0x7f91b000e930,3
0x7f91b000a360,5
0x7f91b000e930,4
0x7f91b000a360,5
0x7f91b000e930,15
0x7f91b00168e0,16080
0x7f91b0016210,3
0x7f91b00168e0,3
0x7f91b0016210,17
0x7f91b000a360,16089
0x7f91b00185b0,32126
0x7f91b00168e0,32174
0x7f91b000e930,16057
0x7f91b000ace0,32116
0x7f91b000ece0,48176
0x7f91b00185b0,16109
0x7f91b0015350,16091
0x7f91b000a360,32161
0x7f91b000ace0,32168
0x7f91b000ece0,32142
0x7f91b000e930,32112
0x7f91b000ece0,17
0x7f91b00168e0,16112
0x7f91b000ace0,32165
0x7f91b000a360,32134
0x7f91b000e910,48204
0x7f91b0015350,32131
0x7f91b000ece0,32098
0x7f91b0015350,3
0x7f91b000a360,7
0x7f91b0015350,10
0x7f91b000e910,16048
0x7f91b000ace0,4
0x7f91b000e910,2
0x7f91b000ace0,3
0x7f91b000e910,3
0x7f91b000ace0,3
0x7f91b000e910,25
0x7f91b000a360,16054
0x7f91b00168e0,32114
0x7f91b000ece0,48185
0x7f91b0016210,16106
0x7f91b00185b0,16062
0x7f91b0015350,32165
0x7f91b000ece0,16093
0x7f91b00168e0,32131
0x7f91b000a360,32101
0x7f91b00168e0,2
0x7f91b0015350,10
0x7f91b000ece0,16088
0x7f91b00168e0,16148
0x7f91b0016210,16070
0x7f91b000e910,32153
0x7f91b0018640,48183
0x7f91b0012890,64274
0x7f91b000ece0,48174
0x7f91b000ace0,32157
0x7f91b0012890,16057
0x7f91b000e910,32153
0x7f91b0016210,16087
0x7f91b0018640,32129
0x7f91b0012800,32154
0x7f91b000ace0,16088
0x7f91b0012890,32191
0x7f91b000e910,32163
0x7f91b0018640,32110
0x7f91b00168e0,48147
0x7f91b000ace0,3
0x7f91b0018640,3
0x7f91b000ace0,10
0x7f91b0012800,16096
0x7f91b0018640,16099
0x7f91b000e910,16047
0x7f91b0012800,2
0x7f91b000e910,10
0x7f91b000ace0,16083
0x7f91b0012800,16078
0x7f91b0018640,16085
0x7f91b000e910,16054
0x7f91b0012800,10
0x7f91b000ace0,16134
0x7f91b000e910,16070
0x7f91b0016210,32142
0x7f91b00185b0,48216
0x7f91b0012800,32191
0x7f91b0012890,32157
0x7f91b0015350,32102
0x7f91b0018640,48200
0x7f91b00185b0,16062
0x7f91b0016210,32101
0x7f91b0015350,3
0x7f91b00185b0,3
0x7f91b0015350,4
0x7f91b00185b0,5
0x7f91b0015350,10
0x7f91b000ace0,16106
0x7f91b00185b0,16056
0x7f91b000e910,32151
0x7f91b0015350,16099
0x7f91b0018640,32167
0x7f91b0012800,32125
0x7f91b00185b0,32094
0x7f91b0015350,4
0x7f91b00185b0,6
0x7f91b0015350,5
0x7f91b00185b0,3
0x7f91b0015350,5
0x7f91b00185b0,5
0x7f91b0015350,3
0x7f91b00185b0,26
0x7f91b000e910,16137
0x7f91b000ace0,32240
0x7f91b0015350,32203
0x7f91b0012800,32136
0x7f91b000f540,48212
0x7f91b0018640,48212
0x7f91b000e910,32158
0x7f91b00168e0,32248
0x7f91b000ace0,32252
0x7f91b0012800,32203
0x7f91b00185b0,48234
0x7f91b0016520,64306
0x7f91b0016600,80372
0x7f91b0011ac0,96443
0x7f91b000f540,96429
0x7f91b0018640,96446
0x7f91b0015350,80391
0x7f91b0015a70,64319
0x7f91b0011a10,64280
0x7f91b00168e0,64328
0x7f91b000ece0,80366
0x7f91b000ace0,80340
0x7f91b0015a70,48228
0x7f91b0015350,64307
0x7f91b0012800,80410
0x7f91b0011a10,96446
0x7f91b0018640,64287
0x7f91b0016520,80356
0x7f91b0011ac0,80371
0x7f91b000f540,96445
0x7f91b0016600,96459
0x7f91b000ace0,64345
0x7f91b000ece0,64294
0x7f91b000e910,80330
0x7f91b0015a70,80328
0x7f91b00168e0,80310
0x7f91b00185b0,96378
0x7f91b000ece0,48256
0x7f91b0011ac0,48256
0x7f91b000f540,48266
0x7f91b0012800,48249
0x7f91b000ace0,64343
0x7f91b0011a10,64351
0x7f91b0015a70,64343
0x7f91b00168e0,64311
0x7f91b00185b0,64318
0x7f91b0016600,80420
0x7f91b0016520,80462
0x7f91b000ece0,80471
0x7f91b000f540,64376
0x7f91b0011ac0,80412
0x7f91b0012800,80388
0x7f91b000e910,96470
0x7f91b0018640,96463
0x7f91b000c910,112533
0x7f91b0010a40,128611
0x7f91b000ace0,128569
0x7f91b0015a70,96483
0x7f91b00185b0,96494
0x7f91b0015350,96481
0x7f91b00168e0,112519
0x7f91b0016600,112519
0x7f91b000c880,112483
0x7f91b0016520,96460
0x7f91b0011ac0,96415
0x7f91b0014510,112486
0x7f91b0012800,112445
0x7f91b000f540,96430
0x7f91b0016600,80391
0x7f91b0015350,96461
0x7f91b0015a70,80382
0x7f91b0010a40,64324
0x7f91b000ace0,80425
0x7f91b00168e0,80407
0x7f91b000ece0,96451
0x7f91b000c910,96418
0x7f91b0011ac0,80331
0x7f91b0018640,80302
0x7f91b0014510,96421
0x7f91b0016520,96379
0x7f91b0016600,48247
0x7f91b0015350,48192
0x7f91b000e910,64223
0x7f91b000ace0,48141
0x7f91b000c910,2
0x7f91b0016600,10
0x7f91b0010a40,16048
0x7f91b0014510,2
0x7f91b0010a40,9
0x7f91b000c910,16047
0x7f91b0016600,4
0x7f91b000c910,2
0x7f91b0016600,3
0x7f91b000c910,5
0x7f91b0016600,4
0x7f91b000c910,2
0x7f91b0016600,2
0x7f91b000c910,10
0x7f91b0014510,16082
0x7f91b0016600,16053
0x7f91b000c910,2
0x7f91b0016600,5
0x7f91b000c910,2
0x7f91b0016600,2
0x7f91b000c910,2
0x7f91b0016600,2
0x7f91b000c910,3
0x7f91b0016600,2
0x7f91b000c910,10
0x7f91b0010a40,16048
0x7f91b0014510,3
0x7f91b0010a40,4
0x7f91b0014510,3
0x7f91b0010a40,6
0x7f91b0014510,3
0x7f91b0010a40,2
0x7f91b0014510,3
0x7f91b0010a40,10
0x7f91b0014510,10
0x7f91b0016600,16050
0x7f91b000c910,2
0x7f91b0016600,5
0x7f91b000c910,2
0x7f91b0016600,7
0x7f91b000c910,10
0x7f91b0010a40,16047
0x7f91b0014510,3
0x7f91b0010a40,17
0x7f91b0016600,16055
0x7f91b000f540,32095
0x7f91b00168e0,3
0x7f91b000f540,10
0x7f91b000c910,16048
0x7f91b0016600,3
0x7f91b000c910,2
0x7f91b0016600,17
0x7f91b00168e0,16095
0x7f91b0014510,32167
0x7f91b000c910,32171
0x7f91b000f540,32166
0x7f91b0010a40,32168
0x7f91b0016600,32193
0x7f91b00168e0,32153
0x7f91b000e9f0,32092
0x7f91b0014510,48197
0x7f91b0011a10,16047
0x7f91b0014510,2
0x7f91b000e9f0,3
0x7f91b0014510,10
0x7f91b00168e0,16048
0x7f91b0010a40,10
0x7f91b000e9f0,16091
0x7f91b00168e0,16079
0x7f91b0014510,16047
0x7f91b000e9f0,30
0x7f91b0016600,16100
0x7f91b0010a40,32131
0x7f91b000c2d0,48220
0x7f91b0014510,48181
0x7f91b00168e0,32099
0x7f91b0010a40,2
0x7f91b00168e0,2
0x7f91b0010a40,3
0x7f91b00168e0,3
0x7f91b0010a40,26
0x7f91b000e9f0,16100
0x7f91b0016600,32187
0x7f91b00168e0,32153
0x7f91b0014510,32162
0x7f91b000c2d0,48199
0x7f91b0010a40,32109
0x7f91b000c910,48186
0x7f91b00168e0,16083
0x7f91b0016600,16047
0x7f91b000c910,3
0x7f91b0016600,16
0x7f91b0010a40,16085
0x7f91b000c910,16088
0x7f91b00168e0,16047
0x7f91b0010a40,3
0x7f91b00168e0,2
0x7f91b0010a40,3
0x7f91b0016600,3
0x7f91b00168e0,16062
0x7f91b0010a40,10
0x7f91b000c910,16048
0x7f91b0016600,2
0x7f91b000c910,6
0x7f91b0016600,10
0x7f91b00168e0,16087
0x7f91b000c910,16125
0x7f91b0010a40,16064
0x7f91b0014510,32142
0x7f91b000e910,48180
0x7f91b00168e0,32093
0x7f91b000e910,2
0x7f91b0010a40,3
0x7f91b000e910,3
0x7f91b0010a40,3
0x7f91b000e910,3
0x7f91b0010a40,2
0x7f91b000e910,3
0x7f91b0010a40,3
0x7f91b000e910,5
0x7f91b0010a40,10
0x7f91b0014510,16047
0x7f91b000e9f0,2
0x7f91b0014510,2
0x7f91b000e9f0,6
0x7f91b0014510,17
0x7f91b000c910,16083
0x7f91b000e910,32199
0x7f91b000e9f0,32157
0x7f91b000f540,32104
0x7f91b00168e0,48222
0x7f91b000c910,16076
0x7f91b0014510,32114
0x7f91b0010a40,48189
0x7f91b000e9f0,16083
0x7f91b000e910,16117
0x7f91b0014510,16089
0x7f91b000f540,32126
0x7f91b0010a40,32154
0x7f91b000e9f0,16049
0x7f91b000c910,32099
0x7f91b000e9f0,2
0x7f91b000f540,8
0x7f91b000e9f0,3
0x7f91b000f540,3
0x7f91b000e9f0,3
0x7f91b000f540,10
0x7f91b0010a40,16127
0x7f91b000e9f0,16064
0x7f91b00168e0,32143
0x7f91b0014460,48218
0x7f91b000f540,32130
0x7f91b000e910,32176
0x7f91b000e9f0,16104
0x7f91b0014510,32163
0x7f91b0016600,48214
0x7f91b00168e0,48178
0x7f91b000f540,48205
0x7f91b000e910,16090
0x7f91b0014460,32128
0x7f91b000e9f0,32135
0x7f91b0016600,16054
0x7f91b000e9f0,5
0x7f91b0014460,2
0x7f91b000e9f0,3
0x7f91b0014460,10
0x7f91b000e910,16048
0x7f91b000f540,3
0x7f91b000e910,3
0x7f91b000f540,10
0x7f91b000e9f0,16053
0x7f91b0014460,2
0x7f91b000e9f0,3
0x7f91b0014460,8
0x7f91b000e9f0,2
0x7f91b0014460,2
0x7f91b000e9f0,4
0x7f91b0014460,2
0x7f91b000e9f0,5
0x7f91b0014460,2
0x7f91b000e9f0,2
0x7f91b0014460,3
0x7f91b000e9f0,4
0x7f91b0014460,9
0x7f91b000e910,16082
0x7f91b000e9f0,16047
0x7f91b0014460,2
0x7f91b000e9f0,3
0x7f91b0014460,5
0x7f91b000e9f0,3
0x7f91b0014460,6
0x7f91b000e9f0,3
0x7f91b0014460,5
0x7f91b000e9f0,4
0x7f91b0014460,3
0x7f91b000e9f0,3
0x7f91b0014460,3
0x7f91b000e9f0,3
0x7f91b0014460,8
0x7f91b000e9f0,2
0x7f91b0014460,3
0x7f91b000e9f0,2
0x7f91b0014460,2
0x7f91b000e9f0,5
0x7f91b0014460,4
0x7f91b000e9f0,3
0x7f91b0014460,10
0x7f91b000f540,16082
0x7f91b000e9f0,16056
0x7f91b0014460,4
0x7f91b000e9f0,2
0x7f91b0014460,3
0x7f91b000e9f0,2
0x7f91b0014460,5
0x7f91b000e9f0,2
0x7f91b0014460,4
0x7f91b000e9f0,5
0x7f91b0014460,3
0x7f91b000e9f0,2
0x7f91b0014460,2
0x7f91b000e9f0,8
0x7f91b0014460,2
0x7f91b000e9f0,10
0x7f91b000e910,16048
0x7f91b000f540,3
0x7f91b000e910,5
0x7f91b000f540,3
0x7f91b000e910,9
0x7f91b0014460,16082
0x7f91b000f540,16047
0x7f91b000e910,10
0x7f91b000e9f0,16048
0x7f91b0014460,2
0x7f91b000e9f0,8
0x7f91b0014460,3
0x7f91b000f540,3
0x7f91b000e9f0,16060
0x7f91b0014460,2
0x7f91b000e9f0,2
0x7f91b0014460,2
0x7f91b000e9f0,3
0x7f91b0014460,3
0x7f91b000e9f0,3
0x7f91b0014460,3
0x7f91b000e9f0,2
0x7f91b0014460,2
0x7f91b000e9f0,3
0x7f91b0014460,2
0x7f91b000e9f0,2
0x7f91b0014460,6
0x7f91b000e9f0,17
0x7f91b000e910,16054
0x7f91b0014510,32091
0x7f91b00168e0,3
0x7f91b0014510,2
0x7f91b00168e0,2
0x7f91b0014510,2
0x7f91b00168e0,2
0x7f91b0014510,3
0x7f91b00168e0,10
0x7f91b000f540,16083
0x7f91b0014510,16047
0x7f91b00168e0,19
0x7f91b000e910,16049
0x7f91b000f540,2
0x7f91b0014510,3
0x7f91b000e910,16078
0x7f91b0014460,32147
0x7f91b0012830,48218
0x7f91b000f540,32133
0x7f91b000e9f0,32134
0x7f91b000e910,16125
0x7f91b0010a40,16089
0x7f91b0014460,32142
0x7f91b00168e0,48174
0x7f91b000f540,48185
0x7f91b0014510,16049
0x7f91b000f540,3
0x7f91b00168e0,17
0x7f91b0014460,16057
0x7f91b0010a40,32131
0x7f91b000e910,16048
0x7f91b0014460,10
0x7f91b000e9f0,16120
0x7f91b000e910,16090
0x7f91b000f540,32185
0x7f91b0010a40,32190
0x7f91b0014460,32173
0x7f91b000ece0,48210
0x7f91b00168e0,48170
0x7f91b000e9f0,48201
0x7f91b000f540,16057
0x7f91b0012830,32174
0x7f91b00168e0,16130
0x7f91b0010a40,32169
0x7f91b000e910,48239
0x7f91b000ece0,48178
0x7f91b0020ed0,64256
0x7f91b000e9f0,48210
0x7f91b0012830,32160
0x7f91b00182f0,32216
0x7f91b0010a40,32245
0x7f91b000ece0,32177
0x7f91b000f540,48243
0x7f91b0014460,64296
0x7f91b0020ed0,64233
0x7f91b0010ad0,80267
0x7f91b0012830,64184
0x7f91b0014460,3
0x7f91b00182f0,2
0x7f91b0014460,3
0x7f91b00182f0,13
0x7f91b0014460,3
0x7f91b00182f0,3
0x7f91b0014460,9
0x7f91b00182f0,2
0x7f91b0014460,2
0x7f91b00182f0,3
0x7f91b0014460,2
0x7f91b00182f0,5
0x7f91b0014460,4
0x7f91b00182f0,3
0x7f91b0014460,3
0x7f91b00182f0,3
0x7f91b0014460,2
0x7f91b00182f0,4
0x7f91b0014460,2
0x7f91b00182f0,10
0x7f91b000f540,16082
0x7f91b0014460,16105
0x7f91b000e910,16062
0x7f91b0010a40,32135
0x7f91b000f540,16047
0x7f91b000e910,23
0x7f91b00168e0,16062
0x7f91b00182f0,32155
0x7f91b0010a40,16055
0x7f91b000f540,32133
0x7f91b00168e0,16081
0x7f91b000e910,16046
0x7f91b000f540,3
0x7f91b000e910,5
0x7f91b000f540,2
0x7f91b000e910,2
0x7f91b000f540,2
0x7f91b000e910,6
0x7f91b000f540,2
0x7f91b000e910,6
0x7f91b000f540,2
0x7f91b000e910,3
0x7f91b000f540,3
0x7f91b000e910,5
0x7f91b000f540,2
0x7f91b000e910,3
0x7f91b000f540,4
0x7f91b000e910,10
0x7f91b0010a40,16112
0x7f91b0014460,16049
0x7f91b000f540,32102
0x7f91b000e910,17
0x7f91b000f540,2
0x7f91b000e910,4
0x7f91b000f540,17
0x7f91b00182f0,16109
0x7f91b000e910,16055
0x7f91b00168e0,32092
0x7f91b0010a40,10
0x7f91b000f540,16086
0x7f91b00168e0,16079
0x7f91b000e910,16047
0x7f91b000f540,3
0x7f91b000e910,3
0x7f91b000f540,3
0x7f91b000e910,12
0x7f91b0010a40,16107
0x7f91b000f540,16144
0x7f91b0014460,32222
0x7f91b00168e0,32157
0x7f91b0020ed0,48229
0x7f91b0010b60,64265
0x7f91b000e910,64233
0x7f91b0010a40,48187
0x7f91b0010b60,16047
0x7f91b00168e0,2
0x7f91b0010a40,2
0x7f91b00168e0,3
0x7f91b0010a40,6
0x7f91b00168e0,5
0x7f91b0010a40,10
0x7f91b0020ed0,16082
0x7f91b00168e0,16057
0x7f91b0010a40,4
0x7f91b00168e0,3
0x7f91b0010a40,2
0x7f91b00168e0,4
0x7f91b0010a40,3
0x7f91b00168e0,3
0x7f91b0010a40,10
0x7f91b0010ad0,16081
0x7f91b00168e0,16136
0x7f91b0014460,16095
0x7f91b0020ed0,32147
0x7f91b000e910,48176
0x7f91b0010a40,48172
0x7f91b0010ad0,16107
0x7f91b00168e0,16089
0x7f91b000e9f0,32133
0x7f91b0020ed0,32100
0x7f91b0014460,3
0x7f91b000e9f0,2
0x7f91b0014460,4
0x7f91b000e9f0,2
0x7f91b0014460,3
0x7f91b000e9f0,3
0x7f91b0014460,10
0x7f91b0010a40,16083
0x7f91b000e9f0,16060
0x7f91b0014460,3
0x7f91b000e9f0,4
0x7f91b0014460,3
0x7f91b000e9f0,6
0x7f91b0014460,5
0x7f91b000e9f0,9
0x7f91b0014460,2
0x7f91b000e9f0,10
0x7f91b00168e0,16047
0x7f91b0010a40,2
0x7f91b00168e0,2
0x7f91b0010a40,2
0x7f91b00168e0,4
0x7f91b0010a40,2
0x7f91b00168e0,3
0x7f91b0010a40,3
0x7f91b00168e0,2
0x7f91b0010a40,10
0x7f91b0014460,16048
0x7f91b000e9f0,3
0x7f91b0014460,3
0x7f91b000e9f0,4
0x7f91b0014460,2
0x7f91b000e9f0,2
0x7f91b0014460,2
0x7f91b000e9f0,2
0x7f91b0014460,3
0x7f91b000e9f0,3
0x7f91b0014460,15
0x7f91b000e9f0,2
0x7f91b0014460,3
0x7f91b000e9f0,10
0x7f91b0014460,2
0x7f91b000e9f0,3
0x7f91b0014460,3
0x7f91b000e9f0,3
0x7f91b00168e0,2
0x7f91b0014460,16090
0x7f91b0010a40,16055
0x7f91b000e9f0,3
0x7f91b00168e0,16055
0x7f91b0010a40,2
0x7f91b00168e0,3
0x7f91b0010a40,2
0x7f91b00168e0,9
0x7f91b0010a40,3
0x7f91b00168e0,3
0x7f91b0010a40,3
0x7f91b00168e0,3
0x7f91b0010a40,2
0x7f91b00168e0,2
0x7f91b0010a40,3
0x7f91b00168e0,10
0x7f91b0014460,16047
0x7f91b000e9f0,3
0x7f91b0014460,2
0x7f91b000e9f0,9
0x7f91b0010a40,16047
0x7f91b00168e0,2
0x7f91b0010a40,2
0x7f91b00168e0,2
0x7f91b0010a40,5
0x7f91b00168e0,3
0x7f91b0010a40,22
0x7f91b0014460,16095
0x7f91b0010b60,32163
0x7f91b00168e0,32128
0x7f91b000e9f0,32092
0x7f91b0014460,3
0x7f91b000e9f0,3
0x7f91b0014460,2
0x7f91b000e9f0,4
0x7f91b0014460,10
0x7f91b0010a40,16048
0x7f91b00168e0,10
0x7f91b000e9f0,16082
0x7f91b0010a40,16080
0x7f91b0014460,16046
0x7f91b000e9f0,2
0x7f91b0014460,2
0x7f91b000e9f0,5
0x7f91b0014460,2
0x7f91b00168e0,3
0x7f91b000e9f0,16101
0x7f91b0010a40,16084
0x7f91b0014460,16046
0x7f91b000e9f0,3
0x7f91b0014460,2
0x7f91b000e9f0,4
0x7f91b0014460,3
0x7f91b000e9f0,2
0x7f91b0014460,2
0x7f91b000e9f0,3
0x7f91b0014460,2
0x7f91b000e9f0,3
0x7f91b0014460,2
0x7f91b000e9f0,3
0x7f91b0014460,9
0x7f91b00168e0,16049
0x7f91b0010a40,3
0x7f91b00168e0,3
0x7f91b0010a40,10
0x7f91b000e9f0,16087
0x7f91b00168e0,16129
0x7f91b0014460,16063
0x7f91b000c240,32101
0x7f91b0020ed0,48205
0x7f91b0010b60,16056
0x7f91b000e9f0,32128
0x7f91b000c240,16047
0x7f91b0014460,3
0x7f91b000e9f0,2
0x7f91b0014460,10
0x7f91b000f540,16058
0x7f91b0020ed0,2
0x7f91b000f540,2
0x7f91b0020ed0,2
0x7f91b000f540,2
0x7f91b0020ed0,2
0x7f91b000f540,3
0x7f91b0020ed0,2
0x7f91b000f540,3
0x7f91b0020ed0,25
0x7f91b000e9f0,16132
0x7f91b0010a40,32197
0x7f91b0010b60,48236
0x7f91b000f540,48218
0x7f91b00144f0,64249
0x7f91b000be60,80307
0x7f91b00182f0,48150
0x7f91b00168e0,64221
0x7f91b00144f0,16047
0x7f91b0010a40,3
0x7f91b00168e0,3
0x7f91b0010a40,4
0x7f91b00168e0,2
0x7f91b0010a40,2
0x7f91b00168e0,2
0x7f91b0010a40,3
0x7f91b00168e0,2
0x7f91b0010a40,4
0x7f91b00168e0,3
0x7f91b0010a40,3
0x7f91b00168e0,5
0x7f91b0010a40,5
0x7f91b00168e0,3
0x7f91b0010a40,3
0x7f91b00168e0,2
0x7f91b0010a40,3
0x7f91b00168e0,11
0x7f91b000f540,16048
0x7f91b000c240,10
0x7f91b0010a40,16082
0x7f91b000f540,16080
0x7f91b00168e0,16047
0x7f91b0010a40,9
0x7f91b000c240,16048
0x7f91b000f540,6
0x7f91b000c240,2
0x7f91b000f540,10
0x7f91b00168e0,16082
0x7f91b000c240,16150
0x7f91b0010a40,16072
0x7f91b000e9f0,32108
0x7f91b000c850,48188
0x7f91b00144f0,64263
0x7f91b0020ed0,32138
0x7f91b0010b30,32156
0x7f91b00144f0,16062
0x7f91b0010a40,32102
0x7f91b000e9f0,3
0x7f91b00144f0,2
0x7f91b000e9f0,2
0x7f91b00144f0,2
0x7f91b000e9f0,2
0x7f91b00144f0,4
0x7f91b000e9f0,9
0x7f91b000c850,16048
0x7f91b0010b30,3
0x7f91b000c850,3
0x7f91b0010b30,5
0x7f91b000c850,3
0x7f91b0010b30,4
0x7f91b000c850,2
0x7f91b0010b30,3
0x7f91b000c850,3
0x7f91b0010b30,4
0x7f91b000c850,10
0x7f91b00144f0,16129
0x7f91b0010b30,16063
0x7f91b000c240,32108
0x7f91b0020ed0,48208
0x7f91b0010b30,16055
0x7f91b00144f0,32093
0x7f91b00168e0,8
0x7f91b0010b30,2
0x7f91b00168e0,10
0x7f91b000f540,16082
0x7f91b0010b30,16088
0x7f91b0020ed0,16046
0x7f91b000f540,30
0x7f91b00168e0,16085
0x7f91b00182f0,32186
0x7f91b00144f0,48223
0x7f91b0020ed0,48173
0x7f91b0010b30,48170
0x7f91b000f540,23044
0x7f91b00168e0,16086
0x7f91b0020ed0,16052
0x7f91b0010b30,10
0x7f91b0014460,16048
0x7f91b00144f0,6
0x7f91b0014460,10
0x7f91b00168e0,16048
0x7f91b0010b30,2
0x7f91b00168e0,2
0x7f91b0010b30,2
0x7f91b00168e0,10
0x7f91b00144f0,16081
0x7f91b0010b30,16053
0x7f91b00168e0,6
0x7f91b0010b30,2
0x7f91b00168e0,3
0x7f91b0010b30,3
0x7f91b00168e0,3
0x7f91b0010b30,3
0x7f91b00168e0,5
0x7f91b0010b30,3
0x7f91b00168e0,3
0x7f91b0010b30,3
0x7f91b00168e0,2
0x7f91b0010b30,2
0x7f91b00168e0,9
0x7f91b0014460,16047
0x7f91b00144f0,3
0x7f91b0014460,2
0x7f91b0010b30,5
0x7f91b00144f0,16079
0x7f91b0014460,3
0x7f91b00144f0,5
0x7f91b0014460,2
0x7f91b00144f0,3
0x7f91b0014460,10
0x7f91b00168e0,16113
0x7f91b00144f0,16097
0x7f91b000e9f0,32163
0x7f91b0010b30,32125
0x7f91b0014460,32132
0x7f91b00168e0,16100
0x7f91b00182f0,16084
0x7f91b00144f0,32172
0x7f91b0010b30,32129
0x7f91b000e9f0,32132
0x7f91b00168e0,16048
0x7f91b0010b30,4
0x7f91b00168e0,17
0x7f91b00182f0,16054
0x7f91b0014460,32093
0x7f91b00144f0,2
0x7f91b0014460,3
0x7f91b00144f0,4
0x7f91b0014460,8
0x7f91b00144f0,5
0x7f91b0014460,17
0x7f91b000e9f0,16096
0x7f91b0010b30,32197
0x7f91b00144f0,32192
0x7f91b00182f0,32147
0x7f91b000f520,48187
0x7f91b00168e0,48189
0x7f91b0015350,16047
0x7f91b00168e0,3
0x7f91b000f520,2
0x7f91b00168e0,4
0x7f91b000f520,2
0x7f91b00168e0,3
0x7f91b000f520,2
0x7f91b00168e0,5
0x7f91b000f520,3
0x7f91b00168e0,3
0x7f91b000f520,10
0x7f91b00182f0,16091
0x7f91b00168e0,16082
0x7f91b0010b30,16047
0x7f91b000f520,3
0x7f91b00182f0,16066
0x7f91b0010b30,3
0x7f91b00182f0,3
0x7f91b0010b30,2
0x7f91b00182f0,5
0x7f91b0010b30,3
0x7f91b00182f0,2
0x7f91b0010b30,9
0x7f91b00168e0,16087
0x7f91b00182f0,16106
0x7f91b00144f0,16048
0x7f91b000f520,32135
0x7f91b000e9f0,16054
0x7f91b00144f0,4
0x7f91b000e9f0,3
0x7f91b00144f0,3
0x7f91b000e9f0,2
0x7f91b00144f0,10
0x7f91b00168e0,16055
0x7f91b000f520,10
0x7f91b000e9f0,16081
0x7f91b00168e0,16048
0x7f91b000f520,3
0x7f91b00168e0,5
0x7f91b000f520,2
0x7f91b00168e0,5
0x7f91b000f520,3
0x7f91b00168e0,2
0x7f91b000f520,3
0x7f91b00168e0,3
0x7f91b000f520,10
0x7f91b00144f0,16087
0x7f91b00168e0,16049
0x7f91b000f520,2
0x7f91b00168e0,3
0x7f91b000f520,2
0x7f91b00168e0,3
0x7f91b000f520,3
0x7f91b00168e0,2
0x7f91b000f520,3
0x7f91b00168e0,4
0x7f91b000f520,2
0x7f91b00168e0,3
0x7f91b000f520,2
0x7f91b00168e0,9
0x7f91b000e9f0,16126
0x7f91b000f520,16063
0x7f91b0010b30,32171
0x7f91b0015350,48245
0x7f91b00168e0,32138
0x7f91b00144f0,48174
0x7f91b00182f0,48178
0x7f91b000e9f0,16052
0x7f91b00182f0,3
0x7f91b00144f0,9
0x7f91b00182f0,5
0x7f91b00144f0,3
0x7f91b00182f0,8
0x7f91b00144f0,6
0x7f91b00182f0,9
0x7f91b00168e0,16088
0x7f91b00144f0,16048
0x7f91b00182f0,3
0x7f91b00144f0,9
0x7f91b0010b30,16055
0x7f91b00168e0,3
0x7f91b0010b30,2
0x7f91b00168e0,2
0x7f91b0010b30,3
0x7f91b00168e0,2
0x7f91b0010b30,7
0x7f91b00168e0,2
0x7f91b0010b30,3
0x7f91b00168e0,8
0x7f91b0010b30,3
0x7f91b00168e0,5
0x7f91b0010b30,15
0x7f91b00182f0,16084
0x7f91b00168e0,16052
0x7f91b0010b30,6
0x7f91b00168e0,2
0x7f91b0010b30,3
0x7f91b00168e0,2
0x7f91b0010b30,3
0x7f91b00168e0,2
0x7f91b0010b30,2
0x7f91b00168e0,3
0x7f91b0010b30,2
0x7f91b00168e0,2
0x7f91b0010b30,3
0x7f91b00168e0,3
0x7f91b0010b30,9
0x7f91b00144f0,16081
0x7f91b00168e0,16109
0x7f91b00182f0,16056
0x7f91b0015350,32129
0x7f91b00144f0,16047
0x7f91b00182f0,2
0x7f91b00144f0,18
0x7f91b000f520,16057
0x7f91b0010b30,32135
0x7f91b0015350,16047
0x7f91b000f520,2
0x7f91b0015350,2
0x7f91b000f520,3
0x7f91b0015350,4
0x7f91b000f520,16
0x7f91b0015350,17
0x7f91b00168e0,16056
0x7f91b00182f0,32094
0x7f91b0010b30,3
0x7f91b00144f0,16061
0x7f91b00182f0,10
0x7f91b00168e0,16089
0x7f91b00144f0,16086
0x7f91b0010b30,16106
0x7f91b00182f0,16063
0x7f91b000f520,32102
0x7f91b0015350,2
0x7f91b000f520,6
0x7f91b0015350,4
0x7f91b000f520,3
0x7f91b0015350,2
0x7f91b000f520,5
0x7f91b0015350,3
0x7f91b000f520,4
0x7f91b0015350,3
0x7f91b000f520,5
0x7f91b0015350,15
0x7f91b00144f0,16123
0x7f91b000f520,16076
0x7f91b0015350,2
0x7f91b000f520,10
0x7f91b00182f0,16049
0x7f91b00144f0,9
0x7f91b0015350,16116
0x7f91b00182f0,16062
0x7f91b00168e0,32094
0x7f91b0010b30,10
0x7f91b00144f0,16090
0x7f91b00168e0,16050
0x7f91b0010b30,10
0x7f91b00182f0,16048
0x7f91b00144f0,3
0x7f91b00182f0,2
0x7f91b00144f0,24
0x7f91b00168e0,16062
0x7f91b000f520,32160
0x7f91b0010b30,16097
0x7f91b00182f0,32175
0x7f91b0015350,32217
0x7f91b00168e0,32210
0x7f91b00144f0,32149
0x7f91b000e9f0,48245
0x7f91b000c8e0,64287
0x7f91b000f520,64337
0x7f91b00182f0,48237
0x7f91b0010b30,64355
0x7f91b000c850,48251
0x7f91b0014460,64276
0x7f91b000acc0,80365
0x7f91b00144f0,64244
0x7f91b0015350,80280
0x7f91b00165b0,96358
0x7f91b000e9f0,64257
0x7f91b000acc0,32184
0x7f91b0016520,32190
0x7f91b0014460,32176
0x7f91b000c850,48246
0x7f91b00182f0,48213
0x7f91b00165b0,48172
0x7f91b000e9f0,48177
0x7f91b000acc0,16081
0x7f91b0014460,16048
0x7f91b00182f0,8
0x7f91b000acc0,10
0x7f91b000ac30,16047
0x7f91b000c850,10
0x7f91b00182f0,16059
0x7f91b000acc0,3
0x7f91b00182f0,3
0x7f91b000acc0,2
0x7f91b000ac30,10
0x7f91b00182f0,16095
0x7f91b0010b30,32192
0x7f91b000c850,32159
0x7f91b000acc0,32101
0x7f91b0016280,48172
0x7f91b00182f0,16112
0x7f91b000c850,16088
0x7f91b0010b30,32159
0x7f91b000acc0,32164
0x7f91b00168e0,32132
0x7f91b000ac30,32093
0x7f91b0010b30,2
0x7f91b000ac30,3
0x7f91b0010b30,2
0x7f91b000ac30,2
0x7f91b0010b30,2
0x7f91b000ac30,2
0x7f91b0010b30,4
0x7f91b000ac30,3
0x7f91b0010b30,3
0x7f91b000ac30,10
0x7f91b000c850,16080
0x7f91b0010b30,16087
0x7f91b00168e0,16078
0x7f91b000ac30,16046
0x7f91b0010b30,15
0x7f91b000c850,16054
0x7f91b00168e0,2
0x7f91b000c850,6
0x7f91b00168e0,3
0x7f91b000c850,2
0x7f91b00168e0,3
0x7f91b000c850,10
0x7f91b000ac30,16049
0x7f91b0010b30,17
0x7f91b00168e0,16094
0x7f91b00182f0,32167
0x7f91b000ac30,32160
0x7f91b000c850,32124
0x7f91b000acc0,32098
0x7f91b00182f0,3
0x7f91b000acc0,3
0x7f91b00182f0,4
0x7f91b000acc0,3
0x7f91b00182f0,3
0x7f91b000acc0,3
0x7f91b00182f0,10
0x7f91b00168e0,16053
0x7f91b000c850,5
0x7f91b00168e0,10
0x7f91b000acc0,16048
0x7f91b00182f0,2
0x7f91b000acc0,5
0x7f91b00182f0,32
0x7f91b000c850,16126
0x7f91b0010b30,32188
0x7f91b0020f90,48248
0x7f91b000be40,64307
0x7f91b000acc0,64238
0x7f91b0010ec0,80269
0x7f91b000ac30,64188
0x7f91b000be40,6
0x7f91b00182f0,2
0x7f91b000be40,2
0x7f91b00182f0,4
0x7f91b000be40,2
0x7f91b00182f0,3
0x7f91b000be40,3
0x7f91b00182f0,3
0x7f91b000be40,2
0x7f91b00182f0,4
0x7f91b000be40,2
0x7f91b00182f0,16
0x7f91b0020f90,16056
0x7f91b000c850,32130
0x7f91b000e9f0,16046
0x7f91b0020f90,3
0x7f91b000e9f0,2
0x7f91b0020f90,5
0x7f91b000e9f0,2
0x7f91b0020f90,2
0x7f91b000e9f0,2
0x7f91b0020f90,2
0x7f91b000e9f0,2
0x7f91b0020f90,4
0x7f91b000e9f0,17
0x7f91b000c8e0,16092
0x7f91b000be40,32162
0x7f91b0020f90,32128
0x7f91b000c850,32163
0x7f91b000e9f0,16088
0x7f91b00182f0,32216
0x7f91b000c8e0,32186
0x7f91b0020f90,32174
0x7f91b00144e0,48206
0x7f91b0020b90,64251
0x7f91b000c850,48191
0x7f91b000be40,64263
0x7f91b00167f0,32190
0x7f91b000c8e0,32218
0x7f91b00182f0,32247
0x7f91b0020f90,48367
0x7f91b0020b90,48364
0x7f91b0010ad0,64466
0x7f91b000c850,64438
0x7f91b000a450,80509
0x7f91b0010e70,96547
0x7f91b000be40,96523
0x7f91b000cc00,112560
0x7f91b001b550,128597
0x7f91b00168e0,128540
0x7f91b00167f0,128488
0x7f91b0018170,144516
0x7f91b000e9f0,144485
0x7f91b000c8e0,144514
0x7f91b0010de0,128423
0x7f91b0015aa0,32163
0x7f91b0013fb0,48238
0x7f91b0010e70,32142
0x7f91b000c850,48173
0x7f91b001b550,48136
0x7f91b0010de0,3
0x7f91b0010e70,2
0x7f91b0010de0,3
0x7f91b0010e70,25
0x7f91b000cc00,16084
0x7f91b00182f0,32143
0x7f91b00168e0,48182
0x7f91b0010de0,48145
0x7f91b000be40,3
0x7f91b00182f0,2
0x7f91b000be40,3
0x7f91b00182f0,17
0x7f91b0013fb0,16143
0x7f91b0010ad0,32199
0x7f91b000be40,32171
0x7f91b0000ba0,48202
0x7f91b00168e0,64342
0x7f91b001b550,48264
0x7f91b0013fb0,32170
0x7f91b000be40,48222
0x7f91b001b750,64288
0x7f91b00167f0,64284
0x7f91b0010ad0,64284
0x7f91b000c240,48203
0x7f91b000cc00,48224
0x7f91b00168e0,48224
0x7f91b001b550,32158
0x7f91b000be40,48219
0x7f91b001b750,48180
0x7f91b00167f0,48147
0x7f91b000be40,2
0x7f91b000cc00,15
0x7f91b001b550,16084
0x7f91b000be40,16106
0x7f91b000c240,16140
0x7f91b0013fb0,32180
0x7f91b000cc00,32143
0x7f91b001b750,48264
0x7f91b000e910,64383
0x7f91b0010ad0,48305
0x7f91b000be40,48244
0x7f91b001b550,64374
0x7f91b000a3c0,80462
0x7f91b00182f0,80454
0x7f91b0020ed0,96587
0x7f91b000f520,112691
0x7f91b000cc00,80549
0x7f91b0013fb0,96630
0x7f91b00168e0,112699
0x7f91b000ec10,128742
0x7f91b000c240,128764
0x7f91b0010bf0,128737
0x7f91b000bc90,144814
0x7f91b001b750,144767
0x7f91b0023880,160857
0x7f91b0024220,176910
0x7f91b0010e40,176873
0x7f91b001bd60,176928
0x7f91b000be40,176894
0x7f91b0010ad0,176870
0x7f91b0014440,160827
0x7f91b000e910,176929
0x7f91b001b550,176904
0x7f91b000a3c0,176903
0x7f91b0013f00,176901
0x7f91b00182f0,176883
0x7f91b0013b30,192962
0x7f91b0023f10,176936
0x7f91b0020ed0,176864
0x7f91b0018bf0,192937
0x7f91b00253d0,208980
0x7f91b0013fb0,176880
0x7f91b000cc00,192976
0x7f91b000ec10,192927
0x7f91b000f520,208964
0x7f91b000c240,192873
0x7f91b0010bf0,192874
0x7f91b000bc90,192887
0x7f91b001b750,192881
0x7f91b000e910,192832
0x7f91b001a790,208905
0x7f91b0010e40,192886
0x7f91b0023780,176844
0x7f91b0023880,192942
0x7f91b0010ad0,192899
0x7f91b0024220,208938
0x7f91b000f520,160799
0x7f91b000a3c0,160760
0x7f91b0013f00,160750
0x7f91b00182f0,144678
0x7f91b00168e0,144622
0x7f91b000ec10,160699
0x7f91b0020ed0,160691
0x7f91b000cc00,176834
0x7f91b000c240,176811
0x7f91b00253d0,192863
0x7f91b0023f10,160728
0x7f91b001b550,144684
0x7f91b000bc90,112581
0x7f91b001bd60,112574
0x7f91b0010e40,112496
0x7f91b0013fb0,128593
0x7f91b0018bf0,144667
0x7f91b0010bf0,160705
0x7f91b0014440,160703
0x7f91b00253d0,128571
0x7f91b000f520,128571
0x7f91b0013f00,128535
0x7f91b000ec10,112441
0x7f91b000c240,128516
0x7f91b0010ad0,128482
0x7f91b000e910,112436
0x7f91b000cc00,96356
0x7f91b001b550,64227
0x7f91b0023780,48142
0x7f91b0010bf0,2
0x7f91b000e910,3
0x7f91b0010bf0,3
0x7f91b000e910,3
0x7f91b0010bf0,2
0x7f91b000e910,2
0x7f91b0010bf0,3
0x7f91b000e910,3
0x7f91b0010bf0,24
0x7f91b0023880,16049
0x7f91b00168e0,32174
0x7f91b001c8a0,48274
0x7f91b0018bf0,32200
0x7f91b000e910,48273
0x7f91b000be40,48220
0x7f91b000f520,64314
0x7f91b000a3c0,64340
0x7f91b0023880,64341
0x7f91b00168e0,48269
0x7f91b0010bf0,64306
0x7f91b001b550,64255
0x7f91b00182f0,80337
0x7f91b001c8a0,80305
0x7f91b0018bf0,80308
0x7f91b000f520,48231
0x7f91b000bdb0,32157
0x7f91b0023880,32165
0x7f91b000e910,48204
0x7f91b00182f0,32137
0x7f91b001b550,48233
0x7f91b0010bf0,32150
0x7f91b000bdb0,32188
0x7f91b0018bf0,48287
0x7f91b000e910,32177
0x7f91b000f520,48215
0x7f91b000be40,64302
0x7f91b00182f0,64302
0x7f91b001c8a0,80340
0x7f91b001b550,48291
0x7f91b00168e0,48241
0x7f91b0010bf0,64359
0x7f91b0024c00,48251
0x7f91b000bdb0,64361
0x7f91b0023880,80421
0x7f91b000be40,64372
0x7f91b000f520,80473
0x7f91b0023780,96545
0x7f91b001c8a0,80429
0x7f91b000e910,96472
0x7f91b0015a60,112546
0x7f91b0018bf0,96467
0x7f91b00182f0,112500
0x7f91b001c690,128543
0x7f91b00168e0,128486
0x7f91b0013d40,144522
0x7f91b001b550,144549
0x7f91b0010bf0,112417
0x7f91b001c8a0,112390
0x7f91b000bdb0,48233
0x7f91b0023880,64304
0x7f91b000e910,32151
0x7f91b000f520,48189
0x7f91b0023780,64225
0x7f91b00182f0,64267
0x7f91b001b550,16104
0x7f91b0010bf0,32201
0x7f91b0018bf0,48239
0x7f91b000bdb0,48199
0x7f91b000f520,48154
0x7f91b000a460,64227
0x7f91b0023880,16047
0x7f91b000bc90,3
0x7f91b000a460,2
0x7f91b000bc90,3
0x7f91b000a460,6
0x7f91b000bc90,3
0x7f91b000a460,4
0x7f91b000bc90,3
0x7f91b000a460,3
0x7f91b000bc90,2
0x7f91b000a460,4
0x7f91b000bc90,16
0x7f91b000e910,16049
0x7f91b0010bf0,3
0x7f91b000e910,3
0x7f91b0010bf0,4
0x7f91b000e910,6
0x7f91b0010bf0,2
0x7f91b000e910,3
0x7f91b0010bf0,10
0x7f91b000a460,16048
0x7f91b000bc90,2
0x7f91b000a460,5
0x7f91b000bc90,17
0x7f91b000e910,16097
0x7f91b001c8a0,32167
0x7f91b000a460,32126
0x7f91b0010bf0,32093
0x7f91b000e910,4
0x7f91b0010bf0,5
0x7f91b000e910,3
0x7f91b0010bf0,5
0x7f91b000e910,2
0x7f91b0010bf0,2
0x7f91b000e910,8
0x7f91b0010bf0,6
0x7f91b000e910,3
0x7f91b0010bf0,3
0x7f91b000e910,4
0x7f91b0010bf0,5
0x7f91b000e910,8
0x7f91b0010bf0,3
0x7f91b000e910,6
0x7f91b000bc90,4
0x7f91b0010bf0,16132
0x7f91b000a460,16067
0x7f91b000bc90,15
0x7f91b000e910,16132
0x7f91b000a460,16127
0x7f91b0013d40,32199
0x7f91b000a3c0,48270
0x7f91b0010bf0,48212
0x7f91b001c4f0,64250
0x7f91b000bc90,64214
0x7f91b001c8a0,64224
0x7f91b000a460,16046
0x7f91b0013d40,30
0x7f91b00182f0,16049
0x7f91b000e910,32156
0x7f91b000f580,48234
0x7f91b001c4f0,32168
0x7f91b0010bf0,32129
0x7f91b00168e0,32094
0x7f91b000e910,3
0x7f91b0010bf0,2
0x7f91b000e910,2
0x7f91b0010bf0,3
0x7f91b000e910,3
0x7f91b0010bf0,5
0x7f91b00182f0,5
0x7f91b000e910,16135
0x7f91b001c4f0,16092
0x7f91b001c8a0,32162
0x7f91b0010bf0,32165
0x7f91b00182f0,32193
0x7f91b0013d40,32195
0x7f91b000e910,32169
0x7f91b00168e0,48213
0x7f91b001c4f0,48215
0x7f91b001c8a0,48179
0x7f91b000a460,32090
0x7f91b001c8a0,2
0x7f91b00168e0,5
0x7f91b001c8a0,4
0x7f91b00168e0,2
0x7f91b001c8a0,3
0x7f91b00168e0,3
0x7f91b001c8a0,7
0x7f91b00168e0,2
0x7f91b001c8a0,2
0x7f91b00168e0,16
0x7f91b001c8a0,6
0x7f91b00168e0,2
0x7f91b001c8a0,15
0x7f91b001c4f0,16082
0x7f91b00168e0,16104
0x7f91b0013d40,16056
0x7f91b000e910,32129
0x7f91b001c4f0,16051
0x7f91b0013d40,5
0x7f91b001c4f0,10
0x7f91b00182f0,16049
0x7f91b000e910,9
0x7f91b0013d40,16047
0x7f91b001c4f0,3
0x7f91b0013d40,2
0x7f91b001c4f0,3
0x7f91b0013d40,16
0x7f91b00182f0,16082
0x7f91b001c4f0,16047
0x7f91b0013d40,2
0x7f91b001c4f0,3
0x7f91b0013d40,5
0x7f91b001c4f0,3
0x7f91b0013d40,3
0x7f91b001c4f0,4
0x7f91b0013d40,15
0x7f91b000e910,16055
0x7f91b00182f0,6
0x7f91b000e910,3
0x7f91b00182f0,9
0x7f91b001c4f0,16048
0x7f91b0013d40,2
0x7f91b001c4f0,5
0x7f91b0013d40,4
0x7f91b001c4f0,3
0x7f91b0013d40,15
0x7f91b001c4f0,4
0x7f91b0013d40,3
0x7f91b001c4f0,3
0x7f91b0013d40,2
0x7f91b001c4f0,3
0x7f91b0013d40,10
0x7f91b000e910,16058
0x7f91b00182f0,2
0x7f91b000e910,2
0x7f91b00182f0,2
0x7f91b000e910,2
0x7f91b00182f0,5
0x7f91b000e910,2
0x7f91b00182f0,6
0x7f91b000e910,10
0x7f91b001c4f0,16053
0x7f91b0013d40,10
0x7f91b00182f0,16083
0x7f91b001c4f0,16081
0x7f91b000e910,16053
0x7f91b00182f0,2
0x7f91b000e910,9
0x7f91b0013d40,16129
0x7f91b00182f0,16136
0x7f91b001c8a0,32243
0x7f91b001c4f0,32212
0x7f91b000a460,48284
0x7f91b000f540,64409
0x7f91b000e910,64351
0x7f91b0015a00,80425
0x7f91b00168e0,80389
0x7f91b0013d40,80359
0x7f91b0010bf0,80293
0x7f91b00152a0,96332
0x7f91b0014420,112404
0x7f91b00182f0,96381
0x7f91b00168e0,32197
0x7f91b000be50,32239
0x7f91b0015a00,48284
0x7f91b000e910,48246
0x7f91b001c4f0,48170
0x7f91b0013d40,64206
0x7f91b000f540,80275
0x7f91b00152a0,96327
0x7f91b000e910,32135
0x7f91b0024300,16047
0x7f91b00168e0,2
0x7f91b000e910,2
0x7f91b00168e0,2
0x7f91b000e910,3
0x7f91b00168e0,15
0x7f91b0015a00,16054
0x7f91b00182f0,4
0x7f91b0015a00,3
0x7f91b00182f0,6
0x7f91b0015a00,3
0x7f91b00182f0,23
0x7f91b000e910,16063
0x7f91b000be50,32130
0x7f91b00168e0,16082
0x7f91b001c8a0,16086
0x7f91b000e910,16130
0x7f91b000be50,16064
0x7f91b0015a00,32101
0x7f91b001c4f0,48206
0x7f91b001c8a0,16089
0x7f91b00168e0,32158
0x7f91b0014420,32131
0x7f91b000be50,32099
0x7f91b001c4f0,5
0x7f91b0014420,2
0x7f91b001c4f0,3
0x7f91b0014420,3
0x7f91b001c4f0,10
0x7f91b000e910,16094
0x7f91b0014420,16049
0x7f91b001c4f0,2
0x7f91b0014420,12
0x7f91b001c4f0,2
0x7f91b0014420,2
0x7f91b001c4f0,2
0x7f91b0014420,3
0x7f91b001c4f0,5
0x7f91b0014420,6
0x7f91b001c4f0,3
0x7f91b0014420,4
0x7f91b00168e0,4
0x7f91b001c4f0,16198
0x7f91b000e910,16138
0x7f91b0013c30,32215
0x7f91b001b800,48311
0x7f91b0014420,48313
0x7f91b00182f0,64386
0x7f91b00168e0,64374
0x7f91b0015a00,64310
0x7f91b0010e90,80454
0x7f91b000a460,80396
0x7f91b0016800,96433
0x7f91b001c4f0,96433
0x7f91b00152a0,96439
0x7f91b000be50,80388
0x7f91b000e910,96421
0x7f91b0015c80,112494
0x7f91b0016770,80409
0x7f91b0014420,80431
0x7f91b00182f0,80376
0x7f91b001b800,96412
0x7f91b00168e0,80341
0x7f91b0015bf0,80340
0x7f91b0016800,80320
0x7f91b0015a00,96357
0x7f91b00182f0,48171
0x7f91b0015c80,48146
0x7f91b0016770,3
0x7f91b0016800,2
0x7f91b0016770,3
0x7f91b0016800,2
0x7f91b0016770,3
0x7f91b0016800,3
0x7f91b0016770,3
0x7f91b0016800,2
0x7f91b0016770,3
0x7f91b0016800,2
0x7f91b0016770,3
0x7f91b0016800,2
0x7f91b0016770,2
0x7f91b0016800,3
0x7f91b0016770,2
0x7f91b0016800,2
0x7f91b0016770,2
0x7f91b0016800,2
0x7f91b0016770,10
0x7f91b0014420,16087
0x7f91b0016800,16080
0x7f91b00152a0,16048
0x7f91b0014420,10
0x7f91b0016770,16055
0x7f91b0016800,2
0x7f91b0016770,2
0x7f91b0016800,2
0x7f91b0016770,5
0x7f91b0016800,8
0x7f91b00152a0,23
0x7f91b00152a0,2
0x7f91b0014420,2
0x7f91b00152a0,2
0x7f91b0014420,4
0x7f91b00152a0,5
0x7f91b0016770,2
0x7f91b0014420,16098
0x7f91b0016800,16050
0x7f91b0016770,9
0x7f91b00152a0,16114
0x7f91b0016800,16094
0x7f91b0010e90,32164
0x7f91b0014420,32126
0x7f91b0016770,32101
0x7f91b0016800,4
0x7f91b0016770,10
0x7f91b00152a0,16089
0x7f91b0016800,16048
0x7f91b0016770,3
0x7f91b0016800,5
0x7f91b0016770,2
0x7f91b0016800,3
0x7f91b0016770,2
0x7f91b0016800,4
0x7f91b0016770,5
0x7f91b0016800,10
0x7f91b0014420,16088
0x7f91b0016770,16049
0x7f91b0016800,6
0x7f91b0016770,5
0x7f91b0016800,3
0x7f91b0016770,4
0x7f91b0016800,23
0x7f91b00152a0,16122
0x7f91b0016770,16090
0x7f91b0014420,16082
0x7f91b0016800,16090
0x7f91b00152a0,16082
0x7f91b0016770,16080
0x7f91b0014420,16048
0x7f91b00152a0,4
0x7f91b0014420,3
0x7f91b00152a0,10
0x7f91b0016800,16084
0x7f91b0014420,16049
0x7f91b00152a0,3
0x7f91b0014420,9
0x7f91b0016770,16107
0x7f91b00152a0,16114
0x7f91b001c4f0,32189
0x7f91b0016800,32138
0x7f91b001b800,48175
0x7f91b0014420,48173
0x7f91b001c4f0,16113
0x7f91b00152a0,16090
0x7f91b00182f0,32161
0x7f91b0016770,32188
0x7f91b0014420,32158
0x7f91b0010e90,32230
0x7f91b00168e0,48303
0x7f91b00152a0,32197
0x7f91b001c4f0,48220
0x7f91b0000ba0,64252
0x7f91b000be50,80382
0x7f91b000bc30,96419
0x7f91b00182f0,96363
0x7f91b000a460,96365
0x7f91b001c4f0,64225
0x7f91b00128a0,32101
0x7f91b00168e0,2
0x7f91b000a460,10
0x7f91b000f770,16061
0x7f91b000be50,5
0x7f91b000f770,4
0x7f91b000be50,8
0x7f91b000f770,2
0x7f91b000be50,10
0x7f91b00168e0,16048
0x7f91b000a460,2
0x7f91b00168e0,2
0x7f91b000a460,3
0x7f91b00168e0,2
0x7f91b000a460,2
0x7f91b00168e0,9
0x7f91b000a460,10
0x7f91b000f770,16082
0x7f91b00168e0,16111
0x7f91b000be50,16121
0x7f91b00152a0,32191
0x7f91b000a460,32137
0x7f91b0010e90,48282
0x7f91b000f770,48308
0x7f91b00168e0,32216
0x7f91b0016770,48282
0x7f91b001b800,64319
0x7f91b00144b0,80413
0x7f91b0014420,80350
0x7f91b00128a0,96387
0x7f91b000be50,96349
0x7f91b000a460,96314
0x7f91b001c4f0,80234
0x7f91b00238a0,5
0x7f91b00128a0,2
0x7f91b00238a0,3
0x7f91b00128a0,4
0x7f91b00238a0,10
0x7f91b0010e90,16104
0x7f91b0016770,16114
0x7f91b00128a0,32167
0x7f91b0014420,32102
0x7f91b00168e0,48138
0x7f91b00128a0,2
0x7f91b0010e90,10
0x7f91b0016770,16114
0x7f91b00128a0,16095
0x7f91b001c4f0,32134
0x7f91b00238a0,32127
0x7f91b000e910,16047
0x7f91b001c4f0,9
0x7f91b0016770,16081
0x7f91b000e910,16047
0x7f91b001c4f0,8
0x7f91b000e910,5
0x7f91b001c4f0,2
0x7f91b000e910,2
0x7f91b001c4f0,2
0x7f91b000e910,10
0x7f91b00238a0,16082
0x7f91b001c4f0,16117
0x7f91b0016770,16056
0x7f91b0010e90,32127
0x7f91b00238a0,16053
0x7f91b0016770,2
0x7f91b00128a0,2
0x7f91b00238a0,16058
0x7f91b0016770,10
0x7f91b0010e90,16084
0x7f91b00238a0,16047
0x7f91b0016770,18
0x7f91b00238a0,2
0x7f91b0016770,3
0x7f91b00238a0,3
0x7f91b0016770,5
0x7f91b00238a0,2
0x7f91b0016770,10
0x7f91b00128a0,16116
0x7f91b00238a0,16056
0x7f91b000e910,32126
0x7f91b0016770,16085
0x7f91b001c4f0,16053
0x7f91b000e910,3
0x7f91b001c4f0,2
0x7f91b000e910,3
0x7f91b001c4f0,5
0x7f91b00238a0,3
0x7f91b000e910,16061
0x7f91b001c4f0,2
0x7f91b0016770,10
0x7f91b000e910,16104
0x7f91b0010e90,32134
0x7f91b00238a0,32127
0x7f91b00128a0,16085
0x7f91b0016770,16087
0x7f91b0010e90,16046
0x7f91b00238a0,2
0x7f91b00128a0,16055
0x7f91b0010e90,2
0x7f91b00128a0,5
0x7f91b0010e90,2
0x7f91b00128a0,3
0x7f91b0010e90,2
0x7f91b00128a0,16
0x7f91b0010e90,2
0x7f91b00128a0,9
0x7f91b0016770,16112
0x7f91b0010e90,16064
0x7f91b001c4f0,32096
0x7f91b000e910,2
0x7f91b001c4f0,2
0x7f91b000e910,5
0x7f91b001c4f0,10
0x7f91b00128a0,16087
0x7f91b000e910,16054
0x7f91b001c4f0,3
0x7f91b000e910,22
0x7f91b0010e90,16096
0x7f91b00238a0,32128
0x7f91b001c4f0,32092
0x7f91b000e910,18
0x7f91b001c4f0,2
0x7f91b000e910,2
0x7f91b001c4f0,15
0x7f91b0016770,16112
0x7f91b000e910,16118
0x7f91b00128a0,32163
0x7f91b00238a0,32108
0x7f91b00152a0,48144
0x7f91b00238a0,6
0x7f91b000a460,16
0x7f91b00128a0,16086
0x7f91b00238a0,16048
0x7f91b000a460,6
0x7f91b00238a0,7
0x7f91b000a460,10
0x7f91b0016770,16083
0x7f91b00238a0,16055
0x7f91b000a460,3
0x7f91b00238a0,6
0x7f91b000a460,3
0x7f91b00238a0,3
0x7f91b000a460,4
0x7f91b00238a0,2
0x7f91b000a460,2
0x7f91b00238a0,3
0x7f91b000a460,5
0x7f91b00238a0,5
0x7f91b000a460,2
0x7f91b00238a0,3
0x7f91b000a460,3
0x7f91b00238a0,3
0x7f91b00128a0,16
0x7f91b000a460,16074
0x7f91b000e910,32099
0x7f91b0010e90,3
0x7f91b000e910,8
0x7f91b0010e90,2
0x7f91b000e910,3
0x7f91b0010e90,16
0x7f91b00238a0,16050
0x7f91b000e910,10
0x7f91b000a460,16108
0x7f91b0016770,32140
0x7f91b0010e90,32159
0x7f91b00128a0,16056
0x7f91b00238a0,32093
0x7f91b000a460,10
0x7f91b0016770,16047
0x7f91b00128a0,5
0x7f91b0016770,2
0x7f91b00128a0,2
0x7f91b0016770,5
0x7f91b00128a0,3
0x7f91b0016770,5
0x7f91b00128a0,2
0x7f91b0016770,17
0x7f91b00238a0,16092
0x7f91b000e910,32203
0x7f91b00128a0,32167
0x7f91b000a460,32108
0x7f91b00166c0,48251
0x7f91b00238a0,16079
0x7f91b0016770,32116
0x7f91b0010e90,48183
0x7f91b000be50,64294
0x7f91b00128a0,32159
0x7f91b000e910,32143
0x7f91b000a460,48214
0x7f91b0016770,32125
0x7f91b0010e90,32157
0x7f91b000a460,16056
0x7f91b000be50,32130
0x7f91b00128a0,16047
0x7f91b00238a0,2
0x7f91b000be50,3
0x7f91b00238a0,3
0x7f91b000be50,4
0x7f91b00238a0,3
0x7f91b000be50,2
0x7f91b00238a0,3
0x7f91b000be50,3
0x7f91b00238a0,3
0x7f91b000be50,9
0x7f91b000e910,16091
0x7f91b00238a0,16082
0x7f91b0010e90,16116
0x7f91b000be50,16065
0x7f91b00166c0,32155
0x7f91b00238a0,16096
0x7f91b000e910,32166
0x7f91b001b830,32186
0x7f91b000be50,32189
0x7f91b0010e90,32179
0x7f91b000a460,48249
0x7f91b00166c0,48212
0x7f91b00238a0,48170
0x7f91b000e910,48138
0x7f91b000be50,3
0x7f91b00238a0,2
0x7f91b000be50,2
0x7f91b00238a0,10
0x7f91b001b830,16083
0x7f91b000be50,16082
0x7f91b00166c0,16116
0x7f91b00238a0,16057
0x7f91b001c4f0,32094
0x7f91b000a460,3
0x7f91b001c4f0,17
0x7f91b001b830,16082
0x7f91b000be50,32201
0x7f91b000a460,32197
0x7f91b00166c0,32147
0x7f91b0010e90,48214
0x7f91b00238a0,48176
0x7f91b001b830,32100
0x7f91b000be50,10
0x7f91b00128a0,16048
0x7f91b0010e90,34
0x7f91b00238a0,16068
0x7f91b000be50,10
0x7f91b00128a0,16047
0x7f91b0010e90,4
0x7f91b00128a0,3
0x7f91b0010e90,16
0x7f91b00238a0,16110
0x7f91b00128a0,16093
0x7f91b001c4f0,32169
0x7f91b000be50,32132
0x7f91b0010e90,32129
0x7f91b00238a0,16047
0x7f91b000be50,2
0x7f91b00238a0,2
0x7f91b000be50,2
0x7f91b00238a0,3
0x7f91b000be50,2
0x7f91b00238a0,3
0x7f91b000be50,2
0x7f91b00238a0,32
0x7f91b00128a0,16094
0x7f91b000a460,32153
0x7f91b001b800,48189
0x7f91b00149c0,64288
0x7f91b000be50,64294
0x7f91b000e910,32194
0x7f91b000a460,32145
0x7f91b00128a0,48244
0x7f91b00238a0,48206
0x7f91b00149c0,32104
0x7f91b001b800,48147
0x7f91b000a460,2
0x7f91b00149c0,4
0x7f91b000a460,3
0x7f91b00149c0,4
0x7f91b000be50,2
0x7f91b000a460,16100
0x7f91b00238a0,16085
0x7f91b00149c0,16081
0x7f91b000be50,16080
0x7f91b000a460,16057
0x7f91b00149c0,3
0x7f91b000a460,2
0x7f91b00149c0,21
0x7f91b000a460,2
0x7f91b00149c0,2
0x7f91b000a460,8
0x7f91b00149c0,3
0x7f91b000a460,2
0x7f91b00149c0,8
0x7f91b000a460,5
0x7f91b00149c0,2
0x7f91b000a460,24
0x7f91b00238a0,16160
0x7f91b00149c0,16129
0x7f91b001c4f0,32249
0x7f91b000be50,32243
0x7f91b000a460,32204
0x7f91b000e910,48284
0x7f91b001b800,64321
0x7f91b00128a0,64267
0x7f91b0021110,80303
0x7f91b00238a0,80309
0x7f91b00149c0,80267
0x7f91b00128a0,32098
0x7f91b000be50,6
0x7f91b00238a0,15
0x7f91b001b800,16109
0x7f91b000be50,16089
0x7f91b000e910,32165
0x7f91b001c4f0,32183
0x7f91b00238a0,32144
0x7f91b000a460,32165
0x7f91b0018b70,48280
0x7f91b000be50,32207
0x7f91b001b800,48277
0x7f91b0010e90,48224
0x7f91b00149c0,64299
0x7f91b000e910,64321
0x7f91b00238a0,64387
0x7f91b000a460,48300
0x7f91b0021080,48284
0x7f91b001c4f0,64357
0x7f91b0018b70,64350
0x7f91b000f520,80389
0x7f91b0010e90,64370
0x7f91b00149c0,64337
0x7f91b000be50,64262
0x7f91b001b800,80351
0x7f91b0016750,96381
0x7f91b00128d0,80281
0x7f91b000e910,96325
0x7f91b00238a0,64190
0x7f91b001b800,3
0x7f91b00166c0,10
0x7f91b00149c0,16054
0x7f91b001c4f0,3
0x7f91b00149c0,2
0x7f91b001c4f0,17
0x7f91b001b800,16132
0x7f91b00149c0,16063
0x7f91b0010e90,32101
0x7f91b0016750,48182
0x7f91b0021080,16048
0x7f91b000a460,2
0x7f91b0016750,9
0x7f91b000a460,3
0x7f91b001c4f0,4
0x7f91b0016750,16145
0x7f91b00149c0,16093
0x7f91b00166c0,32190
0x7f91b000a460,32196
0x7f91b001c4f0,32182
0x7f91b0010e90,48221
0x7f91b001b800,48185
0x7f91b0016750,48155
