request_id,graph_id,slo,latency
416583964,I4_1,100000,20876
953114534,I4_1,100000,36644
166649214,I4_1,100000,33039
213886210,I4_1,100000,38404
425650121,I4_2,200000,57627
869369424,I4_1,100000,39059
152349863,I4_2,200000,66347
874223502,I4_1,100000,33719
785791058,I4_1,100000,36606
303066048,I4_1,100000,38600
311642545,I4_2,200000,84458
1084810,I4_1,100000,38615
227738989,I4_2,200000,91379
264660722,I4_1,100000,38659
538159737,I4_2,200000,101281
145184810,I4_1,100000,44857
999123796,I4_1,100000,39579
668360704,I4_1,100000,32539
583744545,I4_2,200000,91755
815450558,I4_1,100000,37468
606832062,I4_1,100000,38607
242588152,I4_1,100000,43510
317156556,I4_1,100000,42122
57952,I4_1,100000,36424
478087863,I4_2,200000,107602
260736211,I4_2,200000,101488
712728021,I4_2,200000,85123
943670649,I4_2,200000,94054
214212457,I4_2,200000,86909
71032859,I4_2,200000,93631
397589184,I4_1,100000,33362
459544298,I4_1,100000,34394
278244475,I4_2,200000,108727
716131210,I4_1,100000,35447
466813533,I4_2,200000,76099
342198702,I4_1,100000,36694
816369210,I4_1,100000,36627
987474849,I4_2,200000,89791
436274594,I4_1,100000,32479
966131659,I4_2,200000,91452
819168757,I4_2,200000,100672
991524949,I4_2,200000,104730
314376156,I4_1,100000,36090
256275797,I4_2,200000,109837
872610538,I4_1,100000,39996
289688459,I4_2,200000,118656
322340630,I4_1,100000,41552
215927406,I4_1,100000,38329
899202791,I4_2,200000,128741
528961416,I4_1,100000,45266
336293948,I4_1,100000,47344
631409736,I4_1,100000,48766
471273637,I4_2,200000,120870
641384152,I4_1,100000,52780
973558518,I4_1,100000,43500
983892753,I4_2,200000,132091
898997668,I4_1,100000,48138
113484705,I4_2,200000,138147
465293114,I4_1,100000,47593
866900933,I4_2,200000,149160
626449869,I4_2,200000,152293
840906923,I4_2,200000,159291
345832212,I4_1,100000,59791
900941122,I4_1,100000,51724
808663176,I4_1,100000,50600
533383548,I4_1,100000,55554
40316421,I4_2,200000,162355
380412067,I4_2,200000,160311
55383762,I4_1,100000,59746
824171743,I4_2,200000,170322
830499782,I4_1,100000,65707
610038166,I4_1,100000,64859
18325282,I4_1,100000,64636
48193898,I4_1,100000,65491
995520813,I4_2,200000,161170
355978152,I4_1,100000,60814
580202981,I4_2,200000,125990
556944308,I4_1,100000,29351
131510304,I4_1,100000,33452
712246785,I4_2,200000,131882
687329194,I4_1,100000,40414
169050712,I4_1,100000,40304
397289747,I4_2,200000,123102
617962099,I4_2,200000,134099
47959223,I4_2,200000,107187
557874411,I4_2,200000,103232
622934902,I4_1,100000,29198
910210903,I4_2,200000,105422
932619805,I4_2,200000,92998
40275936,I4_1,100000,29414
966922975,I4_2,200000,86111
284850169,I4_2,200000,92042
667910952,I4_1,100000,31315
549172514,I4_1,100000,34201
338298802,I4_1,100000,32881
749690979,I4_2,200000,109508
807118358,I4_1,100000,35529
542840728,I4_1,100000,34587
803519677,I4_2,200000,109564
414655932,I4_1,100000,29327
104940953,I4_2,200000,104227
297039296,I4_1,100000,35440
770342579,I4_2,200000,94348
529043790,I4_1,100000,27381
591368035,I4_2,200000,95467
906922890,I4_1,100000,36627
278324186,I4_1,100000,31560
761370897,I4_2,200000,109549
157637894,I4_1,100000,35622
745852184,I4_1,100000,30490
753237266,I4_1,100000,36549
384178262,I4_1,100000,35382
129892286,I4_1,100000,36259
868635266,I4_1,100000,34639
203755690,I4_1,100000,36729
121600775,I4_2,200000,139729
128814941,I4_2,200000,134889
91291061,I4_2,200000,132046
37035306,I4_1,100000,40334
362552553,I4_2,200000,138979
544949591,I4_2,200000,136547
973642689,I4_2,200000,148116
436223804,I4_1,100000,43545
460011862,I4_1,100000,43512
371128817,I4_2,200000,127930
688633273,I4_2,200000,129736
467716820,I4_1,100000,42254
774423098,I4_1,100000,34078
848550025,I4_2,200000,130893
444109887,I4_2,200000,136751
718494469,I4_2,200000,145733
242274397,I4_2,200000,141987
3872539,I4_2,200000,148865
622983927,I4_2,200000,144883
767550378,I4_1,100000,44515
386778507,I4_2,200000,148002
70490713,I4_2,200000,139854
310324944,I4_1,100000,46787
851472830,I4_1,100000,48641
810547778,I4_1,100000,44754
306375321,I4_2,200000,150991
115956026,I4_1,100000,52851
171103511,I4_2,200000,159226
30723337,I4_2,200000,156136
429569820,I4_1,100000,47013
847556764,I4_1,100000,46765
125099756,I4_1,100000,47690
218234799,I4_2,200000,155308
151569014,I4_1,100000,47301
861003609,I4_2,200000,154330
528800431,I4_2,200000,160238
841943301,I4_2,200000,157117
757328607,I4_2,200000,167264
44955002,I4_1,100000,64014
552886043,I4_2,200000,172760
256610786,I4_1,100000,67633
972408829,I4_2,200000,177645
893073639,I4_2,200000,181469
21076574,I4_1,100000,72900
938875481,I4_2,200000,181484
318517374,I4_1,100000,75129
731697875,I4_2,200000,186810
264670716,I4_1,100000,85170
372094261,I4_2,200000,195100
512909894,I4_1,100000,96122
216171880,I4_1,100000,97027
656167057,I4_2,200000,202133
773366853,I4_2,200000,205983
589612272,I4_1,100000,105737
353831014,I4_1,100000,106515
729088942,I4_1,100000,107356
34636027,I4_2,200000,219434
381529317,I4_2,200000,227397
81036824,I4_1,100000,126399
988782744,I4_1,100000,126285
491855304,I4_1,100000,123683
249772096,I4_1,100000,121417
321449909,I4_2,200000,226265
207952407,I4_2,200000,232195
457987320,I4_1,100000,133671
32672836,I4_1,100000,133483
29250176,I4_1,100000,135960
540358923,I4_2,200000,246448
304839303,I4_2,200000,230301
271363391,I4_2,200000,237392
801632961,I4_2,200000,242389
645578185,I4_2,200000,247106
851688015,I4_2,200000,251706
797409024,I4_1,100000,151637
73707030,I4_1,100000,146991
689483844,I4_1,100000,139645
916246920,I4_1,100000,139004
88752721,I4_2,200000,246476
391245764,I4_1,100000,135878
188366965,I4_2,200000,261431
523930082,I4_1,100000,146814
5417845,I4_2,200000,261362
325666745,I4_2,200000,254441
535922264,I4_1,100000,143935
333105257,I4_2,200000,265007
955517027,I4_2,200000,267597
564443077,I4_2,200000,246191
890765432,I4_1,100000,144589
587823919,I4_2,200000,258376
713090433,I4_2,200000,265259
915543759,I4_2,200000,267423
32454038,I4_1,100000,158974
725568243,I4_2,200000,275439
924174971,I4_2,200000,282488
269143396,I4_1,100000,163044
938162898,I4_1,100000,155824
21840633,I4_2,200000,290682
246465262,I4_1,100000,160779
293597862,I4_1,100000,159987
456539099,I4_2,200000,255296
838121109,I4_2,200000,315797
20584705,I4_2,200000,267291
380591031,I4_2,200000,261423
573018746,I4_1,100000,175603
19229513,I4_2,200000,259289
179277679,I4_2,200000,257358
476340304,I4_1,100000,172073
175765744,I4_1,100000,167898
261184573,I4_2,200000,244178
278371421,I4_2,200000,251424
839322991,I4_2,200000,245832
243430863,I4_2,200000,244104
654719740,I4_1,100000,157061
238972993,I4_2,200000,251328
22281707,I4_2,200000,255161
498154922,I4_1,100000,167422
144104537,I4_2,200000,267261
194439007,I4_2,200000,273207
100533664,I4_1,100000,180747
736372440,I4_1,100000,179666
214049688,I4_1,100000,172686
396561786,I4_1,100000,163454
767862230,I4_1,100000,161339
777313558,I4_1,100000,165541
75667242,I4_1,100000,166436
990413734,I4_1,100000,159570
243100260,I4_1,100000,145207
525294473,I4_2,200000,246724
941410744,I4_1,100000,157610
474040767,I4_2,200000,257888
934756606,I4_1,100000,160892
726147748,I4_1,100000,163736
790253946,I4_1,100000,162664
128792149,I4_2,200000,273919
108301712,I4_1,100000,167866
151953048,I4_1,100000,167626
952255817,I4_2,200000,271197
762669204,I4_1,100000,176711
492098800,I4_1,100000,176525
504507572,I4_1,100000,168639
593890456,I4_1,100000,170662
725530558,I4_1,100000,176486
812526606,I4_1,100000,177374
529724819,I4_2,200000,264311
307014840,I4_1,100000,190225
262263002,I4_1,100000,186045
470821626,I4_1,100000,160806
228783920,I4_1,100000,173765
894409797,I4_2,200000,271437
130322184,I4_1,100000,166567
868161650,I4_1,100000,165775
963202964,I4_1,100000,167874
815727489,I4_2,200000,266141
588166354,I4_1,100000,178458
205325285,I4_2,200000,254171
902149079,I4_2,200000,262341
606553934,I4_1,100000,174639
206801507,I4_2,200000,259282
31934827,I4_2,200000,266233
986743794,I4_1,100000,195295
369696609,I4_2,200000,275533
677966822,I4_1,100000,188175
207051642,I4_1,100000,187815
947386288,I4_1,100000,185962
326980193,I4_2,200000,286832
962341405,I4_2,200000,294991
389039505,I4_2,200000,296836
634433020,I4_1,100000,211226
549536732,I4_1,100000,207481
913896604,I4_1,100000,206210
183531889,I4_2,200000,304778
390842899,I4_2,200000,311352
28223852,I4_1,100000,232704
213536172,I4_1,100000,232654
842286134,I4_1,100000,230657
660310474,I4_1,100000,222618
29812431,I4_2,200000,326256
812878111,I4_2,200000,333836
906433829,I4_2,200000,341595
152109503,I4_2,200000,342289
294771679,I4_2,200000,348269
938427424,I4_1,100000,271014
704398041,I4_2,200000,352432
576621123,I4_2,200000,354494
981442103,I4_2,200000,364623
373240884,I4_1,100000,286385
419102983,I4_2,200000,371720
366181786,I4_1,100000,294516
796522953,I4_2,200000,377712
483630739,I4_2,200000,378658
535137407,I4_2,200000,382754
561382339,I4_2,200000,385634
620304468,I4_1,100000,296336
762697333,I4_2,200000,395509
398865645,I4_2,200000,386473
58794072,I4_1,100000,309399
289706444,I4_1,100000,294405
835638370,I4_1,100000,289103
132722380,I4_1,100000,294077
390411490,I4_1,100000,292857
466392766,I4_1,100000,280075
466020600,I4_1,100000,273909
673613204,I4_1,100000,278899
521861568,I4_1,100000,281285
426782149,I4_2,200000,387935
820256917,I4_2,200000,390651
677125961,I4_2,200000,390707
131978706,I4_1,100000,314352
155077358,I4_1,100000,312085
856317876,I4_1,100000,318024
114711511,I4_2,200000,399998
993005955,I4_2,200000,406833
599571755,I4_2,200000,414996
131463250,I4_1,100000,320738
976328504,I4_1,100000,312400
7817638,I4_1,100000,313275
618737185,I4_2,200000,408950
989360945,I4_2,200000,413017
349480243,I4_2,200000,414774
710822896,I4_1,100000,329700
770232575,I4_2,200000,418581
212023026,I4_1,100000,338752
384547129,I4_2,200000,415024
401675386,I4_1,100000,335279
45330790,I4_1,100000,327914
949647709,I4_2,200000,425835
891850938,I4_1,100000,341832
447020402,I4_1,100000,346737
520247910,I4_1,100000,347209
696599246,I4_1,100000,343140
883271415,I4_2,200000,435270
715181817,I4_2,200000,442231
510600718,I4_1,100000,351946
19436804,I4_1,100000,359846
784807671,I4_2,200000,448396
101605799,I4_2,200000,440158
571772404,I4_1,100000,361075
925115547,I4_2,200000,449129
561302245,I4_2,200000,457017
64595795,I4_2,200000,459901
358684299,I4_2,200000,465683
489922211,I4_2,200000,459563
398581027,I4_2,200000,468589
72364314,I4_1,100000,402919
476127576,I4_1,100000,401858
793434592,I4_1,100000,379911
820948288,I4_1,100000,376478
998355345,I4_2,200000,471002
707870240,I4_1,100000,358288
354113589,I4_2,200000,460691
102017911,I4_2,200000,435382
88526607,I4_2,200000,427254
605600518,I4_1,100000,356184
684714667,I4_2,200000,433172
145043669,I4_2,200000,437368
575898530,I4_1,100000,358225
298255461,I4_2,200000,445581
684631593,I4_2,200000,447195
258037324,I4_1,100000,362128
919977003,I4_2,200000,461310
780614340,I4_1,100000,372082
509089747,I4_2,200000,466757
516132553,I4_2,200000,468685
155841216,I4_1,100000,379339
145074660,I4_1,100000,378155
466807448,I4_1,100000,382025
940863244,I4_1,100000,375569
948449459,I4_2,200000,460826
609082761,I4_2,200000,463853
844148544,I4_1,100000,381633
50399223,I4_2,200000,473891
136056887,I4_2,200000,486110
47497164,I4_1,100000,400822
540356432,I4_1,100000,383631
975035440,I4_1,100000,397543
48460970,I4_1,100000,373759
409920165,I4_2,200000,466991
385150085,I4_2,200000,472931
651334544,I4_1,100000,376521
975949134,I4_1,100000,376640
535215151,I4_2,200000,479609
202121390,I4_1,100000,369612
756406989,I4_2,200000,456923
652155922,I4_1,100000,365486
656897673,I4_2,200000,460503
565453656,I4_1,100000,361616
315880606,I4_1,100000,362295
624910027,I4_2,200000,460942
865835261,I4_2,200000,469058
651133544,I4_1,100000,378628
274202640,I4_1,100000,376636
277596197,I4_2,200000,472970
494863642,I4_1,100000,381720
366526998,I4_1,100000,383865
157354473,I4_2,200000,483154
569902594,I4_1,100000,374645
619772909,I4_2,200000,474895
712275817,I4_2,200000,472977
751069573,I4_2,200000,481860
869425112,I4_1,100000,380641
237357324,I4_1,100000,374977
107371669,I4_2,200000,476218
633069888,I4_1,100000,382416
720967183,I4_2,200000,482763
401552131,I4_2,200000,474342
758099088,I4_1,100000,378090
519459401,I4_2,200000,470801
319381238,I4_1,100000,377271
36068756,I4_1,100000,375381
530386584,I4_1,100000,376215
81415725,I4_2,200000,477815
486500117,I4_2,200000,469631
307548487,I4_2,200000,475806
433028031,I4_2,200000,481704
919894220,I4_1,100000,378250
766200581,I4_2,200000,485875
961507763,I4_2,200000,488609
980621557,I4_2,200000,490444
948383786,I4_1,100000,400724
955857371,I4_2,200000,506624
989601927,I4_2,200000,514738
619705213,I4_2,200000,517171
485621519,I4_2,200000,519311
401890843,I4_2,200000,521053
836303954,I4_1,100000,419964
490129980,I4_1,100000,420829
570381951,I4_2,200000,526316
65010581,I4_2,200000,531958
495049197,I4_2,200000,541892
629155935,I4_2,200000,549426
715999539,I4_2,200000,552303
370196813,I4_2,200000,555473
299779580,I4_1,100000,459046
359588759,I4_2,200000,567650
215535576,I4_1,100000,452108
134850360,I4_1,100000,446906
935587719,I4_2,200000,554393
310926982,I4_1,100000,455976
902215758,I4_1,100000,456831
458204944,I4_1,100000,437576
676984630,I4_1,100000,434680
432451325,I4_2,200000,552413
272464061,I4_2,200000,554306
258072151,I4_2,200000,562622
717739993,I4_2,200000,565564
536796245,I4_2,200000,565628
633486906,I4_1,100000,475072
667549812,I4_1,100000,474940
394341183,I4_2,200000,568673
35570456,I4_1,100000,476272
231025085,I4_2,200000,577678
708158160,I4_1,100000,478268
478055057,I4_2,200000,575660
387964617,I4_2,200000,580815
446373540,I4_1,100000,488372
228840436,I4_1,100000,484444
788529932,I4_1,100000,466192
764764326,I4_1,100000,467825
5311615,I4_2,200000,571596
170265332,I4_1,100000,480790
266050822,I4_1,100000,481299
43711874,I4_1,100000,473058
884907317,I4_2,200000,580717
25346225,I4_2,200000,583612
224811336,I4_1,100000,491306
481037452,I4_1,100000,489156
463120095,I4_2,200000,577787
110546194,I4_1,100000,479160
193570962,I4_1,100000,473012
538796303,I4_2,200000,584659
897658975,I4_2,200000,573711
927770794,I4_1,100000,479122
668464787,I4_2,200000,582601
229909779,I4_2,200000,582787
380020993,I4_2,200000,587907
741329251,I4_2,200000,594782
911661317,I4_2,200000,597945
277956143,I4_2,200000,603769
367486719,I4_2,200000,604414
780635537,I4_2,200000,603881
181359742,I4_1,100000,501499
448447001,I4_2,200000,616879
699231344,I4_1,100000,519696
562621835,I4_2,200000,622921
50679936,I4_1,100000,523625
438282432,I4_1,100000,466115
98181196,I4_1,100000,455852
729949996,I4_1,100000,452739
371026308,I4_1,100000,453584
31707221,I4_2,200000,564347
474308896,I4_1,100000,471841
856715245,I4_2,200000,576386
965341157,I4_2,200000,570248
858824293,I4_2,200000,574394
826251350,I4_1,100000,480268
429342445,I4_2,200000,580473
858317180,I4_1,100000,475234
215229032,I4_1,100000,466169
491702462,I4_1,100000,465853
401085702,I4_1,100000,475853
77975831,I4_2,200000,571398
966404314,I4_1,100000,460881
895278046,I4_1,100000,458658
157522394,I4_1,100000,466049
801708113,I4_2,200000,567594
685836439,I4_2,200000,572263
732273309,I4_2,200000,574551
954371528,I4_1,100000,481567
859914505,I4_2,200000,575751
184947092,I4_1,100000,466327
802810326,I4_1,100000,466528
358291484,I4_1,100000,467313
966466525,I4_2,200000,581815
447831900,I4_1,100000,486687
14222082,I4_1,100000,492820
875245861,I4_2,200000,594852
782216748,I4_1,100000,501813
522651333,I4_2,200000,603892
528418703,I4_2,200000,610057
569882185,I4_2,200000,616865
832937552,I4_1,100000,522145
76058787,I4_2,200000,618308
824870931,I4_2,200000,609060
852035482,I4_1,100000,505911
929889471,I4_2,200000,613133
416036522,I4_1,100000,505855
210822446,I4_1,100000,498861
101210150,I4_1,100000,492984
274789272,I4_1,100000,500696
400735885,I4_2,200000,595293
562296053,I4_2,200000,601219
473933804,I4_1,100000,509191
102568433,I4_2,200000,589163
579645388,I4_1,100000,490851
845988497,I4_2,200000,591303
429814646,I4_1,100000,493897
562292152,I4_1,100000,489673
12999504,I4_1,100000,499612
882535841,I4_2,200000,605335
303722970,I4_1,100000,508728
475336001,I4_2,200000,613547
583588488,I4_1,100000,504981
679454716,I4_1,100000,501736
663015502,I4_1,100000,499949
33222631,I4_2,200000,609594
716569259,I4_2,200000,605367
867889319,I4_2,200000,608111
184801719,I4_2,200000,605451
843096052,I4_1,100000,505087
498940011,I4_2,200000,608491
501241390,I4_1,100000,518152
812989547,I4_2,200000,619480
652438832,I4_1,100000,526985
751080173,I4_2,200000,632578
816968219,I4_2,200000,633664
202305158,I4_1,100000,534315
983617934,I4_1,100000,540498
53104727,I4_2,200000,648108
128514436,I4_1,100000,549404
787414610,I4_1,100000,539450
273230595,I4_2,200000,648092
211626686,I4_1,100000,552698
827547673,I4_2,200000,662038
340742918,I4_1,100000,565829
535576843,I4_2,200000,672389
348831675,I4_2,200000,664262
124046517,I4_2,200000,666281
387404437,I4_2,200000,663955
124536312,I4_1,100000,570216
300660705,I4_2,200000,670343
187490469,I4_2,200000,651221
898317344,I4_1,100000,562995
662717458,I4_1,100000,559759
684924211,I4_2,200000,661118
10509705,I4_2,200000,665872
570127192,I4_1,100000,574811
384015687,I4_2,200000,675822
577609707,I4_2,200000,677687
516172778,I4_1,100000,584240
633092592,I4_1,100000,577212
657898988,I4_1,100000,556925
964804881,I4_2,200000,665447
170532551,I4_2,200000,678183
414614467,I4_2,200000,674969
132956407,I4_2,200000,681076
165226471,I4_2,200000,683506
105968538,I4_1,100000,583261
861152605,I4_2,200000,696611
261224052,I4_1,100000,582329
554180497,I4_2,200000,676662
170915616,I4_1,100000,577258
765922329,I4_2,200000,685833
328998366,I4_1,100000,585581
582506040,I4_1,100000,570437
559584760,I4_1,100000,572492
535034774,I4_1,100000,574520
253974497,I4_2,200000,677857
702817050,I4_1,100000,572982
968975935,I4_2,200000,687851
847519632,I4_1,100000,582546
247683264,I4_1,100000,579515
943131025,I4_2,200000,682878
205632359,I4_2,200000,675713
770464179,I4_2,200000,668547
619386210,I4_1,100000,564546
405855060,I4_1,100000,544217
15371267,I4_2,200000,661841
610794262,I4_1,100000,546325
863566654,I4_1,100000,545899
62937856,I4_1,100000,551039
768896647,I4_2,200000,668754
653976735,I4_2,200000,667776
498807361,I4_2,200000,677656
934230482,I4_1,100000,563154
934407471,I4_2,200000,677899
476212068,I4_1,100000,571430
367506084,I4_1,100000,565478
917638570,I4_1,100000,564016
727734960,I4_1,100000,570126
543318748,I4_1,100000,569388
782255501,I4_2,200000,681913
765058177,I4_2,200000,686178
653827455,I4_2,200000,686163
420973675,I4_2,200000,692024
90498824,I4_1,100000,578186
782826961,I4_2,200000,693922
438883206,I4_1,100000,579386
96057093,I4_2,200000,698214
355206745,I4_2,200000,698338
925572366,I4_1,100000,591577
259285119,I4_2,200000,706231
300960931,I4_2,200000,714354
694412535,I4_2,200000,723268
35968464,I4_1,100000,609858
293019553,I4_2,200000,723558
403820508,I4_1,100000,607582
194316835,I4_2,200000,724204
151455876,I4_1,100000,611836
916007577,I4_2,200000,733141
846721661,I4_2,200000,732604
960365801,I4_2,200000,730318
885212515,I4_2,200000,731350
255835587,I4_2,200000,726331
600463693,I4_2,200000,729362
190773883,I4_2,200000,736266
81214929,I4_2,200000,738162
583161143,I4_2,200000,743509
245804317,I4_2,200000,744489
644700145,I4_2,200000,752353
870979736,I4_1,100000,640900
522352529,I4_2,200000,751412
310890856,I4_1,100000,640108
719200664,I4_1,100000,640003
957368413,I4_2,200000,755492
310272099,I4_2,200000,768498
658883570,I4_1,100000,658181
705634041,I4_2,200000,759633
74518234,I4_1,100000,664333
212460500,I4_1,100000,644026
597524675,I4_2,200000,769825
280507093,I4_2,200000,768880
250553676,I4_1,100000,660019
854215260,I4_1,100000,662086
527638880,I4_1,100000,663511
171617202,I4_1,100000,660482
578940632,I4_1,100000,661275
398843145,I4_2,200000,787108
30728520,I4_1,100000,673139
198948530,I4_1,100000,669476
520559635,I4_2,200000,780955
408717743,I4_2,200000,795142
806283021,I4_2,200000,788112
194733667,I4_2,200000,792181
151242426,I4_1,100000,682093
24270468,I4_1,100000,682597
5000114,I4_1,100000,682428
158021859,I4_2,200000,804343
293875050,I4_1,100000,690623
884618274,I4_1,100000,692712
970445106,I4_1,100000,694743
976259426,I4_1,100000,699534
867667754,I4_1,100000,697746
85305517,I4_2,200000,812411
217432900,I4_1,100000,707715
898700556,I4_1,100000,690636
137550304,I4_1,100000,688631
188825111,I4_2,200000,800078
465181376,I4_1,100000,693683
340471563,I4_2,200000,812037
578249031,I4_2,200000,808282
615963464,I4_1,100000,709815
462227911,I4_2,200000,817068
822205448,I4_1,100000,704774
942745062,I4_1,100000,696648
606040988,I4_1,100000,696653
980886877,I4_2,200000,817193
87946345,I4_2,200000,817001
212542408,I4_1,100000,702751
363430100,I4_1,100000,704781
174710740,I4_1,100000,699940
397212231,I4_2,200000,820455
56790010,I4_1,100000,695821
135337018,I4_1,100000,695653
623994490,I4_1,100000,694419
925608057,I4_2,200000,812256
451836086,I4_1,100000,687490
406522483,I4_2,200000,794859
818045108,I4_1,100000,694262
686834361,I4_2,200000,806202
890799883,I4_2,200000,814310
435216103,I4_2,200000,817008
90077295,I4_2,200000,819121
179149718,I4_1,100000,710464
96155102,I4_1,100000,693368
249672614,I4_1,100000,699387
589076140,I4_1,100000,693569
878850861,I4_2,200000,816176
991727856,I4_1,100000,705439
165307414,I4_1,100000,706380
271843242,I4_1,100000,699547
778504426,I4_1,100000,691984
503187818,I4_1,100000,701536
120050007,I4_2,200000,817382
470101251,I4_2,200000,820018
792014180,I4_1,100000,719788
97155074,I4_1,100000,723543
559337025,I4_2,200000,834271
182417237,I4_2,200000,841463
7872718,I4_1,100000,738599
436026079,I4_2,200000,842759
781860546,I4_1,100000,738072
694249965,I4_2,200000,851902
601437922,I4_1,100000,739869
30952071,I4_2,200000,852581
655834350,I4_1,100000,746875
835796443,I4_2,200000,860400
364540116,I4_1,100000,749106
773070335,I4_2,200000,859855
899925342,I4_1,100000,749076
703179094,I4_1,100000,741036
842497766,I4_1,100000,747149
588523686,I4_1,100000,745114
309170308,I4_1,100000,754350
196802277,I4_2,200000,870961
48506341,I4_2,200000,865949
319861398,I4_1,100000,754296
64901481,I4_2,200000,867712
813667895,I4_2,200000,869014
696739544,I4_1,100000,764479
839480945,I4_2,200000,882038
523347409,I4_2,200000,884911
841885912,I4_1,100000,778604
308198678,I4_1,100000,774567
609134178,I4_1,100000,781470
893411424,I4_1,100000,783613
100533589,I4_2,200000,899158
275432244,I4_1,100000,785932
813258135,I4_2,200000,890394
778637818,I4_1,100000,794874
227038111,I4_2,200000,900441
753739962,I4_1,100000,801115
441642117,I4_2,200000,905193
256631750,I4_1,100000,807046
415950474,I4_1,100000,792985
316790448,I4_1,100000,793851
615824600,I4_1,100000,797741
448787650,I4_1,100000,798152
808286312,I4_1,100000,800222
359501718,I4_1,100000,777019
621601706,I4_1,100000,773071
694210569,I4_2,200000,890393
256425209,I4_2,200000,900486
259123516,I4_1,100000,787304
589900247,I4_2,200000,898788
268956938,I4_1,100000,793171
269937975,I4_2,200000,904673
626203007,I4_2,200000,914852
851046956,I4_1,100000,806476
197496002,I4_1,100000,801540
468334158,I4_1,100000,802501
830597565,I4_2,200000,911910
659131148,I4_1,100000,805658
586797023,I4_2,200000,920723
374919217,I4_2,200000,910801
872883974,I4_1,100000,800344
832950646,I4_1,100000,792429
432216180,I4_1,100000,793283
919435591,I4_2,200000,902965
615112607,I4_2,200000,913136
806092193,I4_2,200000,911005
19203271,I4_2,200000,913927
436080224,I4_1,100000,808815
366044920,I4_1,100000,808594
953419610,I4_1,100000,810671
893868164,I4_1,100000,813492
743921424,I4_1,100000,807980
834260458,I4_1,100000,814061
350122620,I4_1,100000,809736
838437050,I4_1,100000,809928
836619354,I4_1,100000,811946
562601746,I4_1,100000,812662
972376817,I4_2,200000,929222
709437766,I4_1,100000,818089
103577317,I4_2,200000,929677
145475768,I4_1,100000,824230
66806461,I4_2,200000,930549
243302488,I4_1,100000,828271
306937479,I4_2,200000,940712
714948360,I4_1,100000,836203
104737366,I4_1,100000,834086
686886463,I4_2,200000,947901
903496254,I4_1,100000,835331
420758934,I4_1,100000,834381
856668520,I4_1,100000,840476
780595726,I4_1,100000,830039
195254981,I4_2,200000,951039
31094832,I4_1,100000,846053
766155540,I4_1,100000,834234
460897365,I4_2,200000,930695
818830084,I4_1,100000,803883
322011011,I4_2,200000,921571
452132745,I4_2,200000,908284
249239989,I4_2,200000,910208
75659353,I4_2,200000,918455
791753540,I4_1,100000,802918
549077519,I4_2,200000,916272
338173840,I4_1,100000,811107
420934830,I4_1,100000,799750
790664250,I4_1,100000,801826
647797279,I4_2,200000,916375
518449847,I4_2,200000,916210
8929734,I4_1,100000,806015
391626854,I4_1,100000,801972
128971836,I4_1,100000,796760
950209118,I4_1,100000,790763
131036152,I4_1,100000,792706
308554987,I4_2,200000,879002
368065206,I4_1,100000,778467
682372609,I4_2,200000,877951
484433714,I4_1,100000,779783
11582621,I4_2,200000,882026
109157352,I4_1,100000,776711
809692700,I4_1,100000,777551
445195982,I4_1,100000,777888
422714910,I4_1,100000,778540
353222274,I4_1,100000,761599
98042414,I4_1,100000,763760
558713649,I4_2,200000,876034
813736872,I4_1,100000,771747
547790329,I4_2,200000,882032
215107563,I4_2,200000,894187
429174609,I4_2,200000,878937
151809965,I4_2,200000,873016
881967291,I4_2,200000,879903
405243202,I4_1,100000,772654
679911987,I4_2,200000,880732
135753550,I4_1,100000,769608
60455814,I4_1,100000,755304
96680562,I4_1,100000,749411
84968766,I4_1,100000,753604
461368194,I4_1,100000,724009
662532989,I4_2,200000,838888
153284775,I4_2,200000,841661
150040448,I4_1,100000,731156
217882560,I4_1,100000,731343
130835982,I4_1,100000,738194
9602918,I4_1,100000,736210
795315905,I4_2,200000,843830
194171632,I4_1,100000,733405
259152040,I4_1,100000,728149
664703163,I4_2,200000,829718
79129048,I4_1,100000,726839
133018756,I4_1,100000,720027
604847188,I4_1,100000,721979
468291219,I4_2,200000,837852
685401057,I4_2,200000,831883
175021223,I4_2,200000,836915
446782810,I4_1,100000,734985
319632505,I4_2,200000,843745
95313872,I4_1,100000,724076
756056169,I4_2,200000,834732
783213140,I4_1,100000,730143
155004316,I4_1,100000,730258
84230078,I4_1,100000,723173
444443325,I4_2,200000,833674
89556018,I4_1,100000,731253
8473615,I4_2,200000,839733
644215990,I4_1,100000,739891
806321959,I4_2,200000,845959
897698106,I4_1,100000,745911
930761283,I4_2,200000,848843
688648395,I4_2,200000,850673
289526631,I4_2,200000,862913
373574888,I4_1,100000,760202
394640879,I4_2,200000,856750
58413680,I4_1,100000,751437
740301177,I4_2,200000,865831
557180925,I4_2,200000,870222
261591599,I4_2,200000,877180
196505470,I4_1,100000,774736
26519250,I4_1,100000,777525
338161239,I4_2,200000,882039
847537978,I4_1,100000,778823
314237278,I4_1,100000,780694
831204742,I4_1,100000,781579
338964965,I4_2,200000,898759
969430685,I4_2,200000,896654
785542861,I4_2,200000,904617
78534378,I4_1,100000,805151
60665628,I4_1,100000,803932
699233748,I4_1,100000,806005
716963406,I4_1,100000,806830
715596752,I4_1,100000,809876
747153024,I4_1,100000,809665
858219225,I4_2,200000,913893
469390720,I4_1,100000,814469
541799741,I4_2,200000,927979
909570518,I4_1,100000,818511
809994389,I4_2,200000,930152
920744030,I4_1,100000,810180
411322738,I4_1,100000,810013
513651696,I4_1,100000,812909
189130070,I4_1,100000,813415
266844872,I4_1,100000,814453
110166506,I4_1,100000,816307
789551114,I4_1,100000,817157
151149759,I4_2,200000,932437
458876668,I4_1,100000,827289
200589241,I4_2,200000,941440
80944342,I4_1,100000,803267
506275808,I4_1,100000,805124
739297196,I4_1,100000,806081
425400628,I4_1,100000,804903
996507418,I4_1,100000,805324
333694466,I4_1,100000,803104
477952324,I4_1,100000,809338
249008099,I4_2,200000,912992
536031431,I4_2,200000,911914
83764880,I4_1,100000,823384
630401900,I4_1,100000,813377
321487993,I4_2,200000,914947
850724117,I4_2,200000,921128
457496675,I4_2,200000,928286
848239658,I4_1,100000,837803
460192883,I4_2,200000,937003
657230290,I4_1,100000,824467
180970072,I4_1,100000,823095
969984889,I4_2,200000,927298
654910908,I4_1,100000,830864
67330944,I4_1,100000,823534
522327309,I4_2,200000,925207
921218096,I4_1,100000,833628
187882599,I4_2,200000,928837
304843460,I4_1,100000,836742
271373838,I4_1,100000,838708
297666219,I4_2,200000,940263
324360532,I4_1,100000,839767
580183392,I4_1,100000,845813
415328836,I4_1,100000,839697
973182403,I4_2,200000,943485
564120231,I4_2,200000,938441
556508627,I4_2,200000,939271
306379545,I4_2,200000,945312
262108622,I4_1,100000,844924
141005127,I4_2,200000,939393
707110225,I4_2,200000,946384
193003837,I4_2,200000,954521
333974617,I4_2,200000,963564
551483362,I4_1,100000,871597
25673910,I4_1,100000,872459
829324173,I4_2,200000,968958
948986832,I4_1,100000,870275
884516228,I4_1,100000,855111
836340234,I4_1,100000,857133
895683214,I4_1,100000,855212
611834897,I4_2,200000,953524
434781285,I4_2,200000,953424
62363123,I4_2,200000,961594
620375408,I4_1,100000,867488
803717562,I4_1,100000,855245
582644402,I4_1,100000,856082
77498468,I4_1,100000,860358
262208658,I4_1,100000,861241
196555725,I4_2,200000,954813
593615496,I4_1,100000,857167
238148180,I4_1,100000,858032
102250455,I4_2,200000,955762
335478753,I4_2,200000,943673
759951221,I4_2,200000,951756
597934662,I4_1,100000,855404
669248185,I4_2,200000,963643
367586430,I4_1,100000,867312
562496422,I4_1,100000,868199
11146707,I4_2,200000,970056
89175029,I4_2,200000,976091
758972852,I4_1,100000,877810
934204527,I4_2,200000,976086
915692527,I4_2,200000,984236
281968590,I4_1,100000,887970
774899460,I4_1,100000,886714
204320898,I4_1,100000,881415
157116847,I4_2,200000,957886
484901122,I4_1,100000,848287
3915194,I4_1,100000,844346
743833832,I4_1,100000,845171
740452416,I4_1,100000,846378
739154556,I4_1,100000,848470
189833946,I4_1,100000,844343
156301697,I4_2,200000,949850
317628836,I4_1,100000,845463
256759424,I4_1,100000,847100
228911054,I4_1,100000,855652
937878443,I4_2,200000,953732
544802183,I4_2,200000,957456
588133372,I4_1,100000,861690
203015462,I4_1,100000,862472
775438480,I4_1,100000,857632
954631226,I4_1,100000,856488
64020182,I4_1,100000,853011
661741330,I4_1,100000,855037
91971202,I4_1,100000,859964
940241087,I4_2,200000,960208
930607842,I4_1,100000,870635
821754819,I4_2,200000,966185
897582322,I4_1,100000,868317
536050822,I4_1,100000,865301
951954985,I4_2,200000,962076
269250848,I4_1,100000,872225
792579379,I4_2,200000,974298
199839303,I4_2,200000,976246
350357635,I4_2,200000,973172
388456951,I4_2,200000,980153
677808526,I4_1,100000,890867
766626603,I4_2,200000,990295
365045507,I4_2,200000,991343
933203861,I4_2,200000,996215
378783034,I4_1,100000,906100
559511756,I4_1,100000,906972
871949345,I4_2,200000,1008362
202334444,I4_1,100000,909106
111465949,I4_2,200000,1004690
617664675,I4_2,200000,1005422
59037186,I4_1,100000,911136
501720541,I4_2,200000,1010676
62435096,I4_1,100000,908297
827434609,I4_2,200000,1006337
506314057,I4_2,200000,1014471
386206357,I4_2,200000,1014674
547426412,I4_1,100000,928648
238447417,I4_2,200000,1025696
754956443,I4_2,200000,1034705
152276990,I4_1,100000,942899
222155954,I4_1,100000,932359
432899125,I4_2,200000,1036179
423739456,I4_1,100000,941978
281180210,I4_1,100000,941823
927079857,I4_2,200000,1020880
247494674,I4_1,100000,926438
472515271,I4_2,200000,1024924
655524458,I4_1,100000,939660
793959032,I4_1,100000,935480
509271383,I4_2,200000,1038231
412655302,I4_1,100000,936499
534111237,I4_2,200000,1034190
583710875,I4_2,200000,1035924
879930736,I4_1,100000,942423
375255530,I4_1,100000,943646
87644364,I4_1,100000,941681
514158389,I4_2,200000,1033105
273230348,I4_1,100000,940669
957028333,I4_2,200000,1041080
612551983,I4_2,200000,1039130
818532206,I4_1,100000,941363
223389131,I4_2,200000,1042409
22566263,I4_2,200000,1049316
397234035,I4_2,200000,1053222
808847602,I4_1,100000,967089
968570698,I4_1,100000,962952
646189133,I4_2,200000,1066846
382924222,I4_1,100000,967860
736956199,I4_2,200000,1066321
620668367,I4_2,200000,1067445
302996251,I4_2,200000,1062483
884560055,I4_2,200000,1063487
877668424,I4_1,100000,970798
481132784,I4_1,100000,981785
865228819,I4_2,200000,1080424
247863281,I4_2,200000,1083650
219039874,I4_1,100000,992147
408928076,I4_1,100000,991176
737925198,I4_1,100000,990118
54463693,I4_2,200000,1089671
763083698,I4_1,100000,984779
679559746,I4_1,100000,991685
626785577,I4_2,200000,1090992
744769964,I4_1,100000,994441
795610262,I4_1,100000,994122
316205275,I4_2,200000,1101862
58372782,I4_1,100000,1012246
160112305,I4_2,200000,1111970
533882739,I4_2,200000,1119718
365584435,I4_2,200000,1118039
635173988,I4_1,100000,1025592
905439604,I4_1,100000,1013340
71467526,I4_1,100000,1007914
29398363,I4_2,200000,1104823
621562085,I4_2,200000,1108839
247008933,I4_2,200000,1110739
265898430,I4_1,100000,1015315
525279560,I4_1,100000,1009207
681100568,I4_1,100000,1010155
754389040,I4_1,100000,1021031
216458879,I4_2,200000,1121054
843551793,I4_2,200000,1125011
149213442,I4_1,100000,1034055
315366728,I4_1,100000,1032518
3629634,I4_1,100000,1034550
951178007,I4_2,200000,1140125
762653396,I4_1,100000,1040531
115241728,I4_1,100000,1042562
700055761,I4_2,200000,1144699
951285119,I4_2,200000,1147441
855333254,I4_1,100000,1053518
601645992,I4_1,100000,1051383
872312712,I4_1,100000,1046569
190132147,I4_2,200000,1143102
774756288,I4_1,100000,1047817
719571056,I4_1,100000,1048902
753387982,I4_1,100000,1045700
357511501,I4_2,200000,1146263
417689138,I4_1,100000,1046635
335942411,I4_2,200000,1156337
183225540,I4_1,100000,1049945
92007296,I4_1,100000,1051995
191308614,I4_1,100000,1053961
876025429,I4_2,200000,1165859
800459680,I4_1,100000,1059084
527320720,I4_1,100000,1056875
897637091,I4_2,200000,1165716
753228936,I4_1,100000,1068165
134759560,I4_1,100000,1064950
35345326,I4_1,100000,1066054
345826061,I4_2,200000,1167703
497668796,I4_1,100000,1069043
478444745,I4_2,200000,1170244
770344800,I4_1,100000,1075195
860047324,I4_1,100000,1066266
420505413,I4_2,200000,1164609
913937977,I4_2,200000,1168681
780499352,I4_1,100000,1069121
733278439,I4_2,200000,1170668
470848124,I4_1,100000,1073145
979727412,I4_1,100000,1066942
557412616,I4_1,100000,1068148
112494932,I4_1,100000,1070975
883134720,I4_1,100000,1072919
519721327,I4_2,200000,1173559
624259328,I4_1,100000,1080155
325193263,I4_2,200000,1181999
70588812,I4_1,100000,1086487
530248878,I4_1,100000,1078279
688081556,I4_1,100000,1075288
705834303,I4_2,200000,1186961
713279960,I4_1,100000,1087555
951501845,I4_2,200000,1188821
596654026,I4_1,100000,1095328
19535872,I4_1,100000,1097241
84713504,I4_1,100000,1090607
219218557,I4_2,200000,1198149
242526581,I4_2,200000,1202039
674324810,I4_1,100000,1109564
829520325,I4_2,200000,1210265
526528300,I4_1,100000,1120686
659160555,I4_2,200000,1224448
677968805,I4_2,200000,1222454
235473488,I4_1,100000,1123685
901003845,I4_2,200000,1224476
718338099,I4_2,200000,1232251
562883011,I4_2,200000,1239234
92350019,I4_2,200000,1242880
921486264,I4_1,100000,1148945
15693637,I4_2,200000,1252838
878013684,I4_1,100000,1153366
969526485,I4_2,200000,1244382
403728762,I4_1,100000,1146940
700169686,I4_1,100000,1145523
512463416,I4_1,100000,1127604
540372370,I4_1,100000,1131326
541972416,I4_1,100000,1131297
724643459,I4_2,200000,1237283
490965570,I4_1,100000,1140785
667743317,I4_2,200000,1239297
109395878,I4_1,100000,1147728
918331463,I4_2,200000,1244132
208578666,I4_1,100000,1158005
583626291,I4_2,200000,1258370
902627672,I4_1,100000,1148878
3597919,I4_2,200000,1252467
251771309,I4_2,200000,1261306
919476863,I4_2,200000,1269326
291468773,I4_2,200000,1272255
307615825,I4_2,200000,1279272
934810523,I4_2,200000,1288356
848623245,I4_2,200000,1285805
53203241,I4_2,200000,1291811
14766399,I4_2,200000,1293768
942517177,I4_2,200000,1290607
954691460,I4_1,100000,1191282
244675480,I4_1,100000,1190137
364428332,I4_1,100000,1197727
551122613,I4_2,200000,1297126
964745318,I4_1,100000,1201059
468502343,I4_2,200000,1305018
573331587,I4_2,200000,1306371
476419584,I4_1,100000,1206270
25264214,I4_1,100000,1204335
581491292,I4_1,100000,1206360
90120367,I4_2,200000,1304012
268192564,I4_1,100000,1210587
571212205,I4_2,200000,1309955
858835815,I4_2,200000,1319948
840910387,I4_2,200000,1312984
677032034,I4_1,100000,1224554
254385855,I4_2,200000,1324016
298718641,I4_2,200000,1332910
210241283,I4_2,200000,1340836
350552459,I4_2,200000,1339357
452956705,I4_2,200000,1336383
997713273,I4_2,200000,1330080
992539778,I4_1,100000,1235985
671661085,I4_2,200000,1336229
677027687,I4_2,200000,1336471
799001011,I4_2,200000,1345281
46063700,I4_1,100000,1249055
870550558,I4_1,100000,1246019
336333115,I4_2,200000,1350389
426717116,I4_1,100000,1251163
945090624,I4_1,100000,1250877
65417906,I4_1,100000,1234903
707230617,I4_2,200000,1337316
446248624,I4_1,100000,1234052
241560842,I4_1,100000,1236131
277050898,I4_1,100000,1241045
839158682,I4_1,100000,1236172
985887713,I4_2,200000,1341502
676235894,I4_1,100000,1247010
893171870,I4_1,100000,1249040
215978138,I4_1,100000,1249045
930199859,I4_2,200000,1352562
416646745,I4_2,200000,1350426
175658190,I4_1,100000,1260048
46770387,I4_2,200000,1363458
653656923,I4_2,200000,1367371
323485153,I4_2,200000,1372901
697789601,I4_2,200000,1355676
595705786,I4_1,100000,1261085
927741933,I4_2,200000,1359634
860361467,I4_2,200000,1366563
632684450,I4_1,100000,1274226
764910802,I4_1,100000,1271432
174039382,I4_1,100000,1275189
710795091,I4_2,200000,1378862
830128910,I4_1,100000,1271225
276061907,I4_2,200000,1363734
556440319,I4_2,200000,1370380
305019276,I4_1,100000,1271021
516468210,I4_1,100000,1272307
384254369,I4_2,200000,1372235
163061738,I4_1,100000,1260399
496999953,I4_2,200000,1361386
358414720,I4_1,100000,1257928
623896244,I4_1,100000,1266011
741774425,I4_2,200000,1367514
825463819,I4_2,200000,1366540
453452790,I4_1,100000,1264005
872784091,I4_2,200000,1364527
976781637,I4_2,200000,1371480
130096647,I4_2,200000,1369300
187301566,I4_1,100000,1278516
432508089,I4_2,200000,1379468
606424078,I4_1,100000,1274628
465998779,I4_2,200000,1383801
308628433,I4_2,200000,1384628
641748362,I4_1,100000,1290180
568265208,I4_1,100000,1292271
214580145,I4_2,200000,1389855
305601046,I4_1,100000,1290375
475066466,I4_1,100000,1293175
702188139,I4_2,200000,1393705
51136788,I4_1,100000,1301482
918815308,I4_1,100000,1309369
377250793,I4_2,200000,1406806
579583779,I4_2,200000,1413651
49677360,I4_1,100000,1307652
827669915,I4_2,200000,1402923
365852240,I4_1,100000,1309813
815936976,I4_1,100000,1314623
878714128,I4_1,100000,1306811
389100421,I4_2,200000,1413082
188839361,I4_2,200000,1419115
888636415,I4_2,200000,1425965
821165137,I4_2,200000,1429026
238671013,I4_2,200000,1437554
766090382,I4_1,100000,1339206
897654352,I4_1,100000,1332056
802805016,I4_1,100000,1323157
744642915,I4_2,200000,1436507
738595285,I4_2,200000,1443458
115655183,I4_2,200000,1451775
48918510,I4_1,100000,1344440
234267861,I4_2,200000,1447650
800371786,I4_1,100000,1343663
312217532,I4_1,100000,1333323
56107202,I4_1,100000,1334086
386855837,I4_2,200000,1431375
664412671,I4_2,200000,1435319
613734552,I4_1,100000,1336374
534419674,I4_1,100000,1319306
747774859,I4_2,200000,1423811
385449713,I4_2,200000,1425452
668099399,I4_2,200000,1426757
927134216,I4_1,100000,1307122
732646873,I4_2,200000,1418627
695821036,I4_1,100000,1301064
376813486,I4_1,100000,1301219
98206921,I4_2,200000,1401439
484494935,I4_2,200000,1403302
948345415,I4_2,200000,1409583
116922464,I4_1,100000,1308966
293358913,I4_2,200000,1420552
820111939,I4_2,200000,1423616
306893378,I4_1,100000,1325393
953530645,I4_2,200000,1422686
403209470,I4_1,100000,1328075
270841905,I4_2,200000,1426782
983195489,I4_2,200000,1432782
728263255,I4_2,200000,1431695
297347423,I4_2,200000,1435801
363177157,I4_2,200000,1437769
759183014,I4_1,100000,1321241
119090535,I4_2,200000,1433834
486311850,I4_1,100000,1331466
892448560,I4_1,100000,1326302
876930064,I4_1,100000,1327430
180663290,I4_1,100000,1323221
6849125,I4_2,200000,1432957
312482918,I4_1,100000,1333220
837887212,I4_1,100000,1328253
724592778,I4_1,100000,1329145
218525484,I4_1,100000,1323760
78324827,I4_2,200000,1436861
855783606,I4_1,100000,1338381
593093799,I4_2,200000,1441185
825403910,I4_1,100000,1334314
378124611,I4_2,200000,1437186
30894643,I4_2,200000,1432810
971701744,I4_1,100000,1334301
881666675,I4_2,200000,1447856
718646489,I4_2,200000,1439197
345377946,I4_1,100000,1335148
376365055,I4_2,200000,1437359
961057783,I4_2,200000,1441044
605549370,I4_1,100000,1339430
629907833,I4_2,200000,1449875
787027105,I4_2,200000,1459148
944048736,I4_1,100000,1357648
763892654,I4_1,100000,1353413
335732451,I4_2,200000,1450568
539869531,I4_2,200000,1458693
246110575,I4_2,200000,1463206
663999325,I4_2,200000,1469246
728713253,I4_2,200000,1473299
324486969,I4_2,200000,1467937
918229940,I4_1,100000,1360468
234514250,I4_1,100000,1356340
414078790,I4_1,100000,1355593
683324582,I4_1,100000,1360443
600485890,I4_1,100000,1360514
748325150,I4_1,100000,1365457
465542206,I4_1,100000,1367368
209083066,I4_1,100000,1366157
664682944,I4_1,100000,1373819
312404784,I4_1,100000,1368728
816987171,I4_2,200000,1478071
998473972,I4_1,100000,1373636
435499815,I4_2,200000,1489592
474272712,I4_1,100000,1383566
25305082,I4_1,100000,1384584
502019405,I4_2,200000,1485542
451799227,I4_2,200000,1487490
491238355,I4_2,200000,1496386
171516115,I4_2,200000,1498229
774951635,I4_2,200000,1505137
41703877,I4_2,200000,1513199
803061073,I4_2,200000,1505658
268601838,I4_1,100000,1365663
720369448,I4_1,100000,1360501
838714210,I4_1,100000,1362445
54186411,I4_2,200000,1466815
706653722,I4_1,100000,1360492
59340914,I4_1,100000,1359348
949521151,I4_2,200000,1469878
584359712,I4_1,100000,1369633
774463609,I4_2,200000,1478007
784802785,I4_2,200000,1484882
836570478,I4_1,100000,1384660
140464074,I4_1,100000,1374700
502030724,I4_1,100000,1357554
681677149,I4_2,200000,1473223
312385283,I4_2,200000,1478095
312519260,I4_1,100000,1373815
578373786,I4_1,100000,1370797
541804009,I4_2,200000,1472176
157900566,I4_1,100000,1369668
821832042,I4_1,100000,1370553
491154011,I4_2,200000,1472131
295491313,I4_2,200000,1476975
267793328,I4_1,100000,1377879
238510468,I4_1,100000,1376578
179600882,I4_1,100000,1366825
660066554,I4_1,100000,1367923
92254578,I4_1,100000,1369822
363299438,I4_1,100000,1361829
67352928,I4_1,100000,1368773
482892946,I4_1,100000,1368651
187059668,I4_1,100000,1359966
857719411,I4_2,200000,1474393
311972311,I4_2,200000,1477540
215360982,I4_1,100000,1370949
233710345,I4_2,200000,1472266
479064516,I4_1,100000,1380300
568043514,I4_1,100000,1377126
618467801,I4_2,200000,1480491
365633979,I4_2,200000,1486559
866356255,I4_2,200000,1482066
87216507,I4_2,200000,1486509
203070492,I4_1,100000,1382665
22958259,I4_2,200000,1496378
418666043,I4_2,200000,1489562
748102003,I4_2,200000,1468461
895912666,I4_1,100000,1361439
121474443,I4_2,200000,1477481
200002635,I4_2,200000,1479294
621919990,I4_1,100000,1381180
191772169,I4_2,200000,1481679
409456408,I4_1,100000,1379093
14853030,I4_1,100000,1379010
866968843,I4_2,200000,1484653
333290689,I4_2,200000,1489829
633926818,I4_1,100000,1388859
702716547,I4_2,200000,1500581
359273245,I4_2,200000,1495811
147083073,I4_2,200000,1500666
834366566,I4_1,100000,1393389
779614641,I4_2,200000,1510696
365465485,I4_2,200000,1506857
485691439,I4_2,200000,1501923
843906411,I4_2,200000,1502727
512872103,I4_2,200000,1504862
721534,I4_1,100000,1404235
573565322,I4_1,100000,1405186
734882367,I4_2,200000,1513890
175835664,I4_1,100000,1415207
832566046,I4_1,100000,1412479
262889318,I4_1,100000,1418663
482509911,I4_2,200000,1532003
760223278,I4_1,100000,1425604
481052059,I4_2,200000,1530260
441325725,I4_2,200000,1536042
673404797,I4_2,200000,1542984
997943128,I4_1,100000,1443856
670705499,I4_2,200000,1557049
880222843,I4_2,200000,1562221
738387025,I4_2,200000,1570231
843907713,I4_2,200000,1573159
542243217,I4_2,200000,1575047
793254468,I4_1,100000,1470188
358306500,I4_1,100000,1471193
502280470,I4_1,100000,1473271
503535869,I4_2,200000,1586609
516556433,I4_2,200000,1593401
670952728,I4_1,100000,1484282
803264764,I4_1,100000,1473198
333150829,I4_2,200000,1577669
465797865,I4_2,200000,1577640
58675909,I4_2,200000,1585764
652724134,I4_1,100000,1482156
214775715,I4_2,200000,1599895
492661776,I4_1,100000,1491193
742716007,I4_2,200000,1589571
88248230,I4_1,100000,1483188
108751182,I4_1,100000,1476901
313746099,I4_2,200000,1583641
347591423,I4_2,200000,1589479
965091588,I4_1,100000,1483192
710998321,I4_2,200000,1585548
166213000,I4_1,100000,1487107
780272624,I4_1,100000,1489181
790275571,I4_2,200000,1600867
617089811,I4_2,200000,1600730
481817561,I4_2,200000,1603723
146000375,I4_2,200000,1606740
672820978,I4_1,100000,1499478
634627769,I4_2,200000,1608660
451568847,I4_2,200000,1612836
752775232,I4_1,100000,1498388
465695118,I4_1,100000,1503260
400536342,I4_1,100000,1494385
226251980,I4_1,100000,1501243
192882637,I4_2,200000,1608586
608907351,I4_2,200000,1619593
514772501,I4_2,200000,1625475
142261935,I4_2,200000,1615508
242643755,I4_2,200000,1618868
313610101,I4_2,200000,1614842
62301148,I4_1,100000,1506519
99392074,I4_1,100000,1506527
840308890,I4_1,100000,1506416
535619048,I4_1,100000,1508542
658390377,I4_2,200000,1611924
805591112,I4_1,100000,1509635
464101092,I4_1,100000,1496325
759944802,I4_1,100000,1499140
8040169,I4_2,200000,1604614
530033666,I4_1,100000,1500379
996575536,I4_1,100000,1498465
70411979,I4_2,200000,1579604
477190463,I4_2,200000,1586499
461461486,I4_1,100000,1486228
123561215,I4_2,200000,1577501
735428867,I4_2,200000,1575442
789580473,I4_2,200000,1580385
803050510,I4_1,100000,1481180
264706898,I4_1,100000,1482000
172942768,I4_1,100000,1481279
219649916,I4_1,100000,1485291
833226068,I4_1,100000,1477343
944977097,I4_2,200000,1584712
199609762,I4_1,100000,1485661
302909797,I4_2,200000,1575713
540539743,I4_2,200000,1583627
280700504,I4_1,100000,1481052
378668307,I4_2,200000,1587655
338528515,I4_2,200000,1590792
667653966,I4_1,100000,1473807
413969583,I4_2,200000,1583466
92639240,I4_1,100000,1475610
576495363,I4_2,200000,1580579
954542132,I4_1,100000,1482623
509435706,I4_1,100000,1476765
647609056,I4_1,100000,1477732
126586827,I4_2,200000,1578126
157484061,I4_2,200000,1588294
682780705,I4_2,200000,1593083
791339033,I4_2,200000,1592287
224533205,I4_2,200000,1604450
957896436,I4_1,100000,1506055
912274112,I4_1,100000,1506954
35720423,I4_2,200000,1603660
254926050,I4_1,100000,1502098
760866308,I4_1,100000,1495908
43075363,I4_2,200000,1609528
46229691,I4_2,200000,1608686
362135466,I4_1,100000,1509228
1484100,I4_1,100000,1514017
618890755,I4_2,200000,1614886
648653665,I4_2,200000,1621847
948765056,I4_1,100000,1522109
928259026,I4_1,100000,1524058
228531322,I4_1,100000,1520168
54501895,I4_2,200000,1628812
327239230,I4_1,100000,1531141
240467821,I4_2,200000,1638015
888463557,I4_2,200000,1630934
223519499,I4_2,200000,1633831
613879243,I4_2,200000,1632677
445725752,I4_1,100000,1535371
222881173,I4_2,200000,1638953
965495173,I4_2,200000,1647154
210284150,I4_1,100000,1534229
293950963,I4_2,200000,1639934
173959113,I4_2,200000,1632588
715586011,I4_2,200000,1636577
616504598,I4_1,100000,1539525
543667699,I4_2,200000,1635074
705147610,I4_1,100000,1535554
856660400,I4_1,100000,1536440
300574228,I4_1,100000,1537303
265638042,I4_1,100000,1537152
86741679,I4_2,200000,1647594
652472442,I4_1,100000,1545512
714306319,I4_2,200000,1651101
211511933,I4_2,200000,1652969
109061994,I4_1,100000,1554533
595082429,I4_2,200000,1657961
822586195,I4_2,200000,1664291
655258252,I4_1,100000,1562789
597272099,I4_2,200000,1666147
465078939,I4_2,200000,1664269
265952614,I4_1,100000,1568629
365100970,I4_1,100000,1554590
880494692,I4_1,100000,1555875
278314537,I4_2,200000,1667339
886992825,I4_2,200000,1673213
432262742,I4_1,100000,1569611
868167318,I4_1,100000,1567928
209875443,I4_2,200000,1677335
673276680,I4_1,100000,1576695
347307417,I4_2,200000,1675696
932027894,I4_1,100000,1567981
716172332,I4_1,100000,1566764
699799211,I4_2,200000,1677429
830645211,I4_2,200000,1682228
335682593,I4_2,200000,1689703
835055213,I4_2,200000,1693803
591436975,I4_2,200000,1698654
994334848,I4_1,100000,1597105
262921773,I4_2,200000,1696569
446428637,I4_2,200000,1697470
896384103,I4_2,200000,1707626
730192794,I4_1,100000,1608555
207175247,I4_2,200000,1711348
3648353,I4_2,200000,1715283
471599404,I4_1,100000,1601941
941531725,I4_2,200000,1705662
130848309,I4_2,200000,1715832
69528896,I4_1,100000,1615752
51171770,I4_1,100000,1614545
832570822,I4_1,100000,1616574
604189847,I4_2,200000,1726963
836054254,I4_1,100000,1615512
599185782,I4_1,100000,1608265
54466912,I4_1,100000,1607062
877120967,I4_2,200000,1723066
529110184,I4_1,100000,1624106
178267753,I4_2,200000,1726100
194885420,I4_1,100000,1621759
126865005,I4_2,200000,1724246
341219645,I4_2,200000,1727175
121950529,I4_2,200000,1729059
571911981,I4_2,200000,1731209
27643979,I4_2,200000,1741175
402736386,I4_1,100000,1641805
760593924,I4_1,100000,1641834
921656655,I4_2,200000,1744343
544585425,I4_2,200000,1745377
554764625,I4_2,200000,1752232
164448244,I4_1,100000,1655088
178195995,I4_2,200000,1766236
31945809,I4_2,200000,1773180
477451373,I4_2,200000,1773150
774980957,I4_2,200000,1774442
852126892,I4_1,100000,1674180
604918391,I4_2,200000,1770743
671639449,I4_2,200000,1771580
543000338,I4_1,100000,1672178
108072017,I4_2,200000,1774881
77867860,I4_1,100000,1671185
805475692,I4_1,100000,1665173
600691726,I4_1,100000,1660113
722609487,I4_2,200000,1766566
90316325,I4_2,200000,1768437
383598749,I4_2,200000,1767745
984657496,I4_1,100000,1669419
818967072,I4_1,100000,1669608
448396960,I4_1,100000,1665380
138561294,I4_1,100000,1666171
489612427,I4_2,200000,1775480
83878562,I4_1,100000,1674244
23515871,I4_2,200000,1773418
921921539,I4_2,200000,1777244
297878223,I4_2,200000,1783360
460744194,I4_1,100000,1681438
738290559,I4_2,200000,1775540
813000438,I4_1,100000,1672374
742146990,I4_1,100000,1669929
820441356,I4_1,100000,1664727
335335017,I4_2,200000,1766593
877245347,I4_2,200000,1776795
264824881,I4_2,200000,1781690
712941838,I4_1,100000,1684594
445054785,I4_2,200000,1792694
801018176,I4_1,100000,1696794
694406258,I4_1,100000,1697830
95774714,I4_1,100000,1690439
864933444,I4_1,100000,1691412
413722432,I4_1,100000,1690620
466437775,I4_2,200000,1792144
130782284,I4_1,100000,1693780
220044628,I4_1,100000,1691737
672239994,I4_1,100000,1685535
573248693,I4_2,200000,1792994
158751052,I4_1,100000,1687131
172075073,I4_2,200000,1788111
875142567,I4_2,200000,1794121
60348040,I4_1,100000,1697507
336644091,I4_2,200000,1802359
486289872,I4_1,100000,1706341
188559443,I4_2,200000,1809184
95761569,I4_2,200000,1802031
723643379,I4_2,200000,1804184
880957047,I4_2,200000,1804145
828418352,I4_1,100000,1701364
410121063,I4_2,200000,1796978
292750261,I4_2,200000,1787759
419293670,I4_1,100000,1683164
598151563,I4_2,200000,1794861
939074085,I4_2,200000,1798858
917103788,I4_1,100000,1700246
814598255,I4_2,200000,1802848
250071843,I4_2,200000,1808810
882480378,I4_1,100000,1699728
5263577,I4_2,200000,1804667
389436292,I4_1,100000,1701550
735884301,I4_2,200000,1807960
862644880,I4_1,100000,1700537
85106708,I4_1,100000,1696473
43880865,I4_2,200000,1799990
539190544,I4_1,100000,1701429
43177955,I4_2,200000,1807065
98326760,I4_1,100000,1710239
150158906,I4_1,100000,1710903
218529577,I4_2,200000,1815406
611597247,I4_2,200000,1821405
493563909,I4_2,200000,1826396
377089236,I4_1,100000,1724096
646853665,I4_2,200000,1817982
982171436,I4_1,100000,1717083
249060704,I4_1,100000,1718189
408224339,I4_2,200000,1822587
372261263,I4_2,200000,1825780
354538659,I4_2,200000,1829856
860551109,I4_2,200000,1830679
36637134,I4_1,100000,1732858
894313309,I4_2,200000,1835603
420601553,I4_2,200000,1845901
621779549,I4_2,200000,1852833
756277403,I4_2,200000,1859797
451868805,I4_2,200000,1864257
805420457,I4_2,200000,1864641
267912819,I4_2,200000,1864199
74349400,I4_1,100000,1766718
552555477,I4_2,200000,1869858
123005393,I4_2,200000,1871200
988042232,I4_1,100000,1768856
780105504,I4_1,100000,1763807
582048372,I4_1,100000,1764790
874712903,I4_2,200000,1871118
875081623,I4_2,200000,1871323
907261090,I4_1,100000,1775946
543544489,I4_2,200000,1883411
605888171,I4_2,200000,1889298
112365001,I4_2,200000,1897193
8356024,I4_1,100000,1797044
161157177,I4_2,200000,1895478
816355674,I4_1,100000,1801324
221790033,I4_2,200000,1899624
258718363,I4_2,200000,1904553
343966905,I4_2,200000,1908296
376147017,I4_2,200000,1887300
74273280,I4_1,100000,1791301
820456488,I4_1,100000,1800232
613373242,I4_1,100000,1799627
152720731,I4_2,200000,1902779
514938338,I4_1,100000,1802491
415704598,I4_1,100000,1795336
898971254,I4_1,100000,1792621
66008250,I4_1,100000,1796230
596404795,I4_2,200000,1890720
442080745,I4_2,200000,1891905
205136485,I4_2,200000,1895630
9711807,I4_2,200000,1895915
8192400,I4_1,100000,1808837
665577556,I4_1,100000,1793886
434618180,I4_1,100000,1793518
300737271,I4_2,200000,1900175
634971487,I4_2,200000,1904267
670263201,I4_2,200000,1907155
65275676,I4_1,100000,1811838
761615040,I4_1,100000,1810098
818438203,I4_2,200000,1900312
57367303,I4_2,200000,1904063
278922525,I4_2,200000,1906941
980752197,I4_2,200000,1913437
120427732,I4_1,100000,1819313
687359032,I4_1,100000,1815270
632547050,I4_1,100000,1815102
407845255,I4_2,200000,1920673
285253700,I4_1,100000,1821400
989507473,I4_2,200000,1924718
441696974,I4_1,100000,1830680
312253869,I4_2,200000,1929780
826809874,I4_1,100000,1836218
788312656,I4_1,100000,1825512
981848006,I4_1,100000,1823455
921322425,I4_2,200000,1921891
861791498,I4_1,100000,1827459
719592118,I4_1,100000,1834335
757663861,I4_2,200000,1932830
699429908,I4_1,100000,1837680
31492838,I4_1,100000,1838564
700312355,I4_2,200000,1944146
285145446,I4_1,100000,1827590
642787111,I4_2,200000,1922689
335457360,I4_1,100000,1824508
773580938,I4_1,100000,1819601
362519743,I4_2,200000,1919914
191301407,I4_2,200000,1920809
414465440,I4_1,100000,1820622
591424278,I4_1,100000,1820554
637966111,I4_2,200000,1900508
643974072,I4_1,100000,1800921
224055062,I4_1,100000,1797898
311121580,I4_1,100000,1798258
69597291,I4_2,200000,1896501
62524947,I4_2,200000,1904613
465170403,I4_2,200000,1898219
594044155,I4_2,200000,1904345
464407050,I4_1,100000,1808968
817408765,I4_2,200000,1909664
639267576,I4_1,100000,1812180
294046491,I4_2,200000,1915605
913157558,I4_1,100000,1815154
295895868,I4_1,100000,1822087
467574619,I4_2,200000,1918826
394079942,I4_1,100000,1823438
459849743,I4_2,200000,1922691
115145089,I4_2,200000,1927630
991481378,I4_1,100000,1832886
792854779,I4_2,200000,1928043
154520634,I4_1,100000,1835607
511989787,I4_2,200000,1938098
105648949,I4_2,200000,1942219
852947146,I4_1,100000,1851015
312044065,I4_2,200000,1953140
742073756,I4_1,100000,1844872
548594786,I4_1,100000,1846947
900400720,I4_1,100000,1845419
356930680,I4_1,100000,1846282
744104889,I4_2,200000,1944014
62612733,I4_2,200000,1943131
644717088,I4_1,100000,1844789
841385519,I4_2,200000,1948155
511452967,I4_2,200000,1948135
693605815,I4_2,200000,1958242
25366169,I4_2,200000,1964430
608998156,I4_1,100000,1872264
666640671,I4_2,200000,1974527
336805370,I4_1,100000,1873317
307043220,I4_1,100000,1873306
126321478,I4_1,100000,1865008
995670649,I4_2,200000,1969153
624027442,I4_1,100000,1863082
283832472,I4_1,100000,1861881
794295771,I4_2,200000,1964493
956938548,I4_1,100000,1871960
146595,I4_2,200000,1973506
697517789,I4_2,200000,1976915
854917596,I4_1,100000,1879521
962220476,I4_1,100000,1878349
140016504,I4_1,100000,1876218
731523002,I4_1,100000,1874162
654861658,I4_1,100000,1876218
231034658,I4_1,100000,1846830
586002109,I4_2,200000,1953420
909014256,I4_1,100000,1851042
325257863,I4_2,200000,1953384
855611975,I4_2,200000,1947158
542783619,I4_2,200000,1946174
984070612,I4_1,100000,1843687
415781604,I4_1,100000,1845762
685881204,I4_1,100000,1839869
509159455,I4_2,200000,1943223
834297994,I4_1,100000,1854123
576397241,I4_2,200000,1954496
60249442,I4_1,100000,1849057
554310549,I4_2,200000,1952494
39696618,I4_1,100000,1854248
362031767,I4_2,200000,1955314
803781790,I4_1,100000,1857211
404932126,I4_1,100000,1850919
284281156,I4_1,100000,1848762
492390785,I4_2,200000,1956462
607523580,I4_1,100000,1859160
821121003,I4_2,200000,1960686
390911326,I4_1,100000,1865360
326789127,I4_2,200000,1956449
416790536,I4_1,100000,1858099
589310402,I4_1,100000,1853149
708309613,I4_2,200000,1939281
27288986,I4_1,100000,1844002
170779580,I4_1,100000,1843806
641399072,I4_1,100000,1845125
985716795,I4_2,200000,1955652
184378934,I4_1,100000,1855302
381582413,I4_2,200000,1950425
677661879,I4_2,200000,1951625
968662040,I4_1,100000,1853376
840464923,I4_2,200000,1956845
167145972,I4_1,100000,1856275
795835500,I4_1,100000,1855290
110565901,I4_2,200000,1956657
214882857,I4_2,200000,1966996
432645386,I4_1,100000,1865638
162615643,I4_2,200000,1966758
919977090,I4_1,100000,1873611
267965690,I4_1,100000,1871286
794574453,I4_2,200000,1964737
464505564,I4_1,100000,1862411
534365714,I4_1,100000,1863411
381084837,I4_2,200000,1966981
385034165,I4_2,200000,1973964
466586963,I4_2,200000,1977078
725906320,I4_1,100000,1882608
207227047,I4_2,200000,1985228
603400204,I4_1,100000,1885837
884511302,I4_1,100000,1884690
616976574,I4_1,100000,1884683
387271823,I4_2,200000,1989344
79832853,I4_2,200000,1984130
320246762,I4_1,100000,1884819
422137641,I4_2,200000,1989098
266206833,I4_2,200000,1997404
8456991,I4_2,200000,2004218
313947537,I4_2,200000,2005551
689124272,I4_1,100000,1910170
808178213,I4_2,200000,2016511
968620460,I4_1,100000,1915408
69248990,I4_1,100000,1913430
13840860,I4_1,100000,1915318
330971446,I4_1,100000,1911161
310100311,I4_2,200000,2008775
70870132,I4_1,100000,1911145
648673562,I4_1,100000,1915563
103470461,I4_2,200000,2016552
115014240,I4_1,100000,1911265
195603773,I4_2,200000,2012690
601101084,I4_1,100000,1915640
122324184,I4_1,100000,1911497
848887300,I4_1,100000,1913186
640053264,I4_1,100000,1911456
256784706,I4_1,100000,1902432
678012263,I4_2,200000,2013810
591979505,I4_2,200000,2017613
349178833,I4_2,200000,2020606
939345917,I4_2,200000,2031134
717644150,I4_1,100000,1928750
411514674,I4_1,100000,1927542
417370867,I4_2,200000,2029198
260989931,I4_2,200000,2026752
231191352,I4_1,100000,1930187
12259175,I4_2,200000,2031113
693707447,I4_2,200000,2039051
107728636,I4_1,100000,1934784
276217576,I4_1,100000,1930522
691233642,I4_1,100000,1930388
990080271,I4_2,200000,2037192
159113658,I4_1,100000,1938621
11324941,I4_2,200000,2037120
813004576,I4_1,100000,1930438
773173034,I4_1,100000,1937425
418045273,I4_2,200000,2040058
90958365,I4_2,200000,2042334
931722634,I4_1,100000,1940730
573121951,I4_2,200000,2041129
999276079,I4_2,200000,2047185
516493462,I4_1,100000,1940904
948915556,I4_1,100000,1947849
109352641,I4_2,200000,2054291
926973850,I4_1,100000,1953938
963945855,I4_2,200000,2058075
476986544,I4_1,100000,1959018
674567331,I4_2,200000,2059481
901823693,I4_2,200000,2066369
528863978,I4_1,100000,1967242
1334533,I4_2,200000,2078805
243894023,I4_2,200000,2079785
569943992,I4_1,100000,1969408
772202384,I4_1,100000,1962289
618246403,I4_2,200000,2066756
496673887,I4_2,200000,2073669
607031201,I4_2,200000,2080012
489970312,I4_1,100000,1975605
310940801,I4_2,200000,2079475
15510118,I4_1,100000,1968916
239996822,I4_1,100000,1972825
484040308,I4_1,100000,1972660
346731541,I4_2,200000,2071918
49080992,I4_1,100000,1975364
528370378,I4_1,100000,1977426
130421083,I4_2,200000,2078838
173522709,I4_2,200000,2081132
848114313,I4_2,200000,2081298
899630179,I4_2,200000,2077127
380086659,I4_2,200000,2079195
710503728,I4_1,100000,1978702
950512166,I4_1,100000,1979526
79631403,I4_2,200000,2078834
414600928,I4_1,100000,1980693
859958084,I4_1,100000,1984688
108162649,I4_2,200000,2091238
453522466,I4_1,100000,1994708
783954558,I4_1,100000,1997543
850158283,I4_2,200000,2097425
643699541,I4_2,200000,2102348
449672319,I4_2,200000,2108421
804405235,I4_2,200000,2113115
643702562,I4_1,100000,2014992
648630678,I4_1,100000,2016875
595800009,I4_2,200000,2124760
972707664,I4_1,100000,2025205
491200120,I4_1,100000,2031323
677987463,I4_2,200000,2129622
741973926,I4_1,100000,2020201
120769398,I4_1,100000,2012738
381071955,I4_2,200000,2119414
125097106,I4_1,100000,2021097
803956832,I4_1,100000,2020981
453407870,I4_1,100000,2022109
589279613,I4_2,200000,2130729
200286997,I4_2,200000,2135615
565387711,I4_2,200000,2135881
418107407,I4_2,200000,2137631
914152188,I4_1,100000,2036047
413459543,I4_2,200000,2142792
770613758,I4_1,100000,2036071
72600774,I4_1,100000,2034873
345637164,I4_1,100000,2034254
514483195,I4_2,200000,2144031
162171247,I4_2,200000,2149036
846590770,I4_1,100000,2042305
726123315,I4_2,200000,2148858
214935774,I4_1,100000,2050490
579426280,I4_1,100000,2058343
560278961,I4_2,200000,2159693
746934620,I4_1,100000,2062655
370675903,I4_2,200000,2163067
963412536,I4_1,100000,2064565
456135092,I4_1,100000,2069446
845093806,I4_1,100000,2069350
384845320,I4_1,100000,2071343
861631935,I4_2,200000,2180168
325504401,I4_2,200000,2182351
952990277,I4_2,200000,2186520
399115437,I4_2,200000,2189443
38802848,I4_1,100000,2090857
177001050,I4_1,100000,2089632
483203349,I4_2,200000,2190392
115063765,I4_2,200000,2188286
774440023,I4_2,200000,2182124
592060880,I4_1,100000,2081788
998588413,I4_2,200000,2189361
636086668,I4_1,100000,2097223
716295175,I4_2,200000,2199425
121120443,I4_2,200000,2194333
185841644,I4_1,100000,2096019
337619972,I4_1,100000,2090250
298046302,I4_1,100000,2091827
654911797,I4_2,200000,2195198
306846842,I4_1,100000,2081829
709666707,I4_2,200000,2193339
569180962,I4_1,100000,2089929
751386163,I4_2,200000,2199516
497374583,I4_2,200000,2199318
654605865,I4_2,200000,2205574
264490972,I4_1,100000,2106099
29251274,I4_1,100000,2102977
611500186,I4_1,100000,2104165
949993670,I4_1,100000,2104147
738511189,I4_2,200000,2213793
987490839,I4_2,200000,2209742
621889327,I4_2,200000,2203593
56784715,I4_2,200000,2204436
460569814,I4_1,100000,2105725
852498711,I4_2,200000,2217492
563756257,I4_2,200000,2208549
815392095,I4_2,200000,2213657
973983480,I4_1,100000,2115719
242388706,I4_1,100000,2115509
613297044,I4_1,100000,2114079
318129003,I4_2,200000,2228748
156679365,I4_2,200000,2239664
645054095,I4_2,200000,2242867
405541028,I4_1,100000,2147152
536663127,I4_2,200000,2248867
704619778,I4_1,100000,2149067
770294100,I4_1,100000,2144228
530064727,I4_2,200000,2245993
603134137,I4_2,200000,2254138
749768459,I4_2,200000,2262123
521078994,I4_1,100000,2166924
469041109,I4_2,200000,2270215
260410207,I4_2,200000,2276079
611399401,I4_2,200000,2278011
142636758,I4_1,100000,2185078
192759226,I4_1,100000,2188261
674180833,I4_2,200000,2292231
748571223,I4_2,200000,2298266
248522764,I4_1,100000,2202128
904460179,I4_2,200000,2307701
485349943,I4_2,200000,2311576
569447566,I4_1,100000,2216353
632989556,I4_1,100000,2214135
166269369,I4_2,200000,2318842
555091617,I4_2,200000,2316697
126591965,I4_2,200000,2321569
147350308,I4_1,100000,2223406
654681152,I4_1,100000,2224241
316248700,I4_1,100000,2227180
618993448,I4_1,100000,2221193
220290989,I4_2,200000,2328841
247669542,I4_1,100000,2240331
980179097,I4_2,200000,2341081
117216951,I4_2,200000,2346974
984176180,I4_1,100000,2253336
611240570,I4_1,100000,2251784
39153226,I4_1,100000,2244680
55750964,I4_1,100000,2240748
832854387,I4_2,200000,2346172
76856113,I4_2,200000,2340702
611359032,I4_1,100000,2244646
103197657,I4_2,200000,2353670
686517365,I4_2,200000,2355530
110317175,I4_2,200000,2357343
891261742,I4_1,100000,2251150
699729501,I4_2,200000,2355805
324428412,I4_1,100000,2250811
912175622,I4_1,100000,2248809
318003170,I4_1,100000,2249915
709828164,I4_1,100000,2253837
685700408,I4_1,100000,2253673
388913682,I4_1,100000,2253558
131305692,I4_1,100000,2254387
531684867,I4_2,200000,2365431
955106084,I4_1,100000,2266081
476017857,I4_2,200000,2372864
485676927,I4_2,200000,2381931
904391394,I4_1,100000,2275080
572188244,I4_1,100000,2276822
484354933,I4_2,200000,2384761
47844733,I4_2,200000,2385749
22365022,I4_1,100000,2287307
971973961,I4_2,200000,2390588
576273528,I4_1,100000,2278201
259548277,I4_2,200000,2380700
967522454,I4_1,100000,2270065
454533836,I4_1,100000,2269913
122275542,I4_1,100000,2265973
177345341,I4_2,200000,2380780
652588692,I4_1,100000,2266848
875986274,I4_1,100000,2266658
850767014,I4_1,100000,2268760
588780622,I4_1,100000,2267992
695929742,I4_1,100000,2274113
520777944,I4_1,100000,2270819
138807661,I4_2,200000,2385749
628749430,I4_1,100000,2281931
887779423,I4_2,200000,2394102
699346406,I4_1,100000,2291375
533970939,I4_2,200000,2398179
900388656,I4_1,100000,2298293
355795930,I4_1,100000,2299169
571076370,I4_1,100000,2300022
609826317,I4_2,200000,2405097
53183051,I4_2,200000,2408274
559214462,I4_1,100000,2307418
838387707,I4_2,200000,2413367
848241160,I4_1,100000,2316515
511533261,I4_2,200000,2422864
862685100,I4_1,100000,2325613
316488347,I4_2,200000,2434750
218463399,I4_2,200000,2437565
314245249,I4_2,200000,2444498
230999626,I4_1,100000,2333874
699246960,I4_1,100000,2332764
973316444,I4_1,100000,2332954
791047026,I4_1,100000,2335035
62678650,I4_1,100000,2337976
453588965,I4_2,200000,2451916
951063172,I4_1,100000,2352003
712339129,I4_2,200000,2456844
457723750,I4_1,100000,2349969
691996891,I4_2,200000,2461790
707143804,I4_1,100000,2355002
840622792,I4_1,100000,2343662
48376695,I4_2,200000,2446331
61811570,I4_1,100000,2339733
896386121,I4_2,200000,2449471
930089953,I4_2,200000,2447420
876938266,I4_1,100000,2328621
246461944,I4_1,100000,2325623
540803190,I4_1,100000,2325608
214492595,I4_2,200000,2434983
391071832,I4_1,100000,2329733
728123371,I4_2,200000,2437414
77715173,I4_2,200000,2438248
454492744,I4_1,100000,2338024
511798596,I4_1,100000,2337019
510820332,I4_1,100000,2322692
587401091,I4_2,200000,2436265
142388521,I4_2,200000,2429220
743097732,I4_1,100000,2328917
507445576,I4_1,100000,2327775
380394660,I4_1,100000,2298513
9216998,I4_1,100000,2301335
105994012,I4_1,100000,2303575
36895738,I4_1,100000,2295470
642981776,I4_1,100000,2291519
985248408,I4_1,100000,2290303
876946062,I4_1,100000,2289420
266619926,I4_1,100000,2289310
434645752,I4_1,100000,2290340
354678693,I4_2,200000,2403055
888644522,I4_1,100000,2297530
116851302,I4_1,100000,2292505
762223424,I4_1,100000,2290329
118001503,I4_2,200000,2400965
570744804,I4_1,100000,2282246
412843235,I4_2,200000,2374703
247331458,I4_1,100000,2258122
135393338,I4_1,100000,2250890
715264180,I4_1,100000,2252907
393005975,I4_2,200000,2351488
323839614,I4_1,100000,2246877
518457567,I4_2,200000,2355425
226528605,I4_2,200000,2353572
487046461,I4_2,200000,2361579
205310294,I4_1,100000,2263175
70202151,I4_2,200000,2370499
963359810,I4_1,100000,2270210
810313675,I4_2,200000,2370643
785607322,I4_1,100000,2268505
385438874,I4_1,100000,2269328
335371781,I4_2,200000,2374422
929467532,I4_1,100000,2272635
561333633,I4_2,200000,2378866
85665462,I4_1,100000,2258320
71281145,I4_2,200000,2358637
366034108,I4_1,100000,2264420
594887815,I4_2,200000,2368546
753827911,I4_2,200000,2374465
896003721,I4_2,200000,2367717
679806170,I4_1,100000,2259171
282385433,I4_2,200000,2357575
944230019,I4_2,200000,2365720
252603911,I4_2,200000,2366714
512111177,I4_2,200000,2373969
37244238,I4_1,100000,2267241
134372371,I4_2,200000,2378954
738356428,I4_1,100000,2274191
430832778,I4_1,100000,2274063
459614026,I4_1,100000,2274889
753373364,I4_1,100000,2265314
695995661,I4_2,200000,2374752
262280023,I4_2,200000,2382856
565639334,I4_1,100000,2280441
137255915,I4_2,200000,2387851
365255339,I4_2,200000,2392761
354010661,I4_2,200000,2398086
70278585,I4_2,200000,2403024
700600417,I4_2,200000,2402238
332447070,I4_1,100000,2298526
867423996,I4_1,100000,2301395
41975582,I4_1,100000,2303533
402875952,I4_1,100000,2315931
847187277,I4_2,200000,2423440
190120986,I4_1,100000,2318938
939992749,I4_2,200000,2413231
823073658,I4_1,100000,2310598
862410486,I4_1,100000,2312625
838052440,I4_1,100000,2299604
269001829,I4_2,200000,2405246
987351192,I4_1,100000,2293685
837659652,I4_1,100000,2288641
717325602,I4_1,100000,2282560
249631602,I4_1,100000,2281309
500438988,I4_1,100000,2280392
358605513,I4_2,200000,2394058
578417875,I4_2,200000,2400249
306051874,I4_1,100000,2301595
487104108,I4_1,100000,2303479
60129248,I4_1,100000,2302054
882318153,I4_2,200000,2417546
522100839,I4_2,200000,2421243
703187083,I4_2,200000,2425582
534326919,I4_2,200000,2437775
154100360,I4_1,100000,2334150
972933802,I4_1,100000,2340267
240138655,I4_2,200000,2443644
645395884,I4_1,100000,2342944
690018286,I4_1,100000,2345004
525654235,I4_2,200000,2457060
147261326,I4_1,100000,2350435
867763678,I4_1,100000,2346251
157924704,I4_1,100000,2344123
615917926,I4_1,100000,2337355
220914003,I4_2,200000,2447827
767733492,I4_1,100000,2352289
286565599,I4_2,200000,2460846
17790382,I4_1,100000,2355070
577826375,I4_2,200000,2442983
119932542,I4_1,100000,2342997
346088047,I4_2,200000,2447050
242013837,I4_2,200000,2451942
78249281,I4_2,200000,2452465
970401585,I4_2,200000,2454171
513512791,I4_2,200000,2456840
347756051,I4_2,200000,2458682
383219811,I4_2,200000,2457997
537245290,I4_1,100000,2358565
594326100,I4_1,100000,2353297
790735156,I4_1,100000,2350354
230748555,I4_2,200000,2466011
762674916,I4_1,100000,2360535
352559969,I4_2,200000,2465066
954041174,I4_1,100000,2368440
761162124,I4_1,100000,2369514
645047343,I4_2,200000,2474910
70005946,I4_1,100000,2378294
677351304,I4_1,100000,2378463
50326948,I4_1,100000,2380532
24612859,I4_2,200000,2487400
216801393,I4_2,200000,2493310
681044676,I4_1,100000,2393749
68815054,I4_1,100000,2395935
21706551,I4_2,200000,2497696
430543955,I4_2,200000,2503499
731843358,I4_1,100000,2404269
910066248,I4_1,100000,2406337
465557222,I4_1,100000,2407203
273487172,I4_1,100000,2405912
682267989,I4_2,200000,2519482
467517670,I4_1,100000,2415371
834685605,I4_2,200000,2524059
97727328,I4_1,100000,2427315
420011991,I4_2,200000,2531955
339757218,I4_1,100000,2425425
683579656,I4_1,100000,2427508
499243654,I4_1,100000,2420188
43029321,I4_2,200000,2529096
580168506,I4_1,100000,2429344
315244401,I4_2,200000,2535195
426722920,I4_1,100000,2437350
945529333,I4_2,200000,2544439
550581210,I4_1,100000,2425318
55064285,I4_2,200000,2531085
991960786,I4_1,100000,2434297
17822473,I4_2,200000,2544093
187108649,I4_2,200000,2552241
958603143,I4_2,200000,2551256
317315801,I4_2,200000,2561383
742203081,I4_2,200000,2565056
573648441,I4_2,200000,2563427
376251235,I4_2,200000,2567164
473090968,I4_1,100000,2458499
181787262,I4_1,100000,2465468
428482197,I4_2,200000,2569322
310093573,I4_2,200000,2565298
941024734,I4_1,100000,2470776
848266077,I4_2,200000,2579490
49536081,I4_2,200000,2583598
995690609,I4_2,200000,2586467
612302094,I4_1,100000,2462808
582348271,I4_2,200000,2572065
38802434,I4_1,100000,2468574
272342871,I4_2,200000,2571173
703165990,I4_1,100000,2473709
223863148,I4_1,100000,2474541
944787699,I4_2,200000,2578338
827306264,I4_1,100000,2477962
383170149,I4_2,200000,2578384
135415575,I4_2,200000,2570279
966833950,I4_1,100000,2471798
140591602,I4_1,100000,2466563
464137497,I4_2,200000,2576377
542197463,I4_2,200000,2577177
374502865,I4_2,200000,2589340
126527050,I4_1,100000,2483133
695676036,I4_1,100000,2474805
376889723,I4_2,200000,2578494
331307784,I4_1,100000,2476487
518539952,I4_1,100000,2471958
594029516,I4_1,100000,2474779
847226579,I4_2,200000,2584359
904507283,I4_2,200000,2589751
859158831,I4_2,200000,2591764
694937844,I4_1,100000,2493583
934118729,I4_2,200000,2599817
300623212,I4_1,100000,2502321
426533740,I4_1,100000,2502114
419776684,I4_1,100000,2501550
66722532,I4_1,100000,2498470
625553658,I4_1,100000,2494424
314127114,I4_1,100000,2498429
634098058,I4_1,100000,2500390
309936719,I4_2,200000,2615157
670218971,I4_2,200000,2617845
20934285,I4_2,200000,2626877
561770388,I4_1,100000,2525629
850607743,I4_2,200000,2634398
858784665,I4_2,200000,2641363
942712868,I4_1,100000,2538391
840257336,I4_1,100000,2538956
428460771,I4_2,200000,2646511
862200420,I4_1,100000,2540903
220383654,I4_1,100000,2540852
335884123,I4_2,200000,2641425
167634504,I4_1,100000,2531850
658206595,I4_2,200000,2636375
921622221,I4_2,200000,2644106
344335739,I4_2,200000,18011707
915445885,I4_2,200000,18021930
406296476,I4_1,100000,17904255
580013240,I4_1,100000,17907744
184128346,I4_1,100000,17907810
571993893,I4_2,200000,18014916
10751180,I4_1,100000,17874519
881945377,I4_2,200000,18008600
591372076,I4_1,100000,17874550
434219789,I4_2,200000,17971604
10693075,I4_2,200000,17973856
244697651,I4_2,200000,17985531
169855276,I4_1,100000,17903179
92873109,I4_2,200000,17983328
404897692,I4_1,100000,17855417
405915113,I4_2,200000,17970184
671156503,I4_2,200000,17942627
677246971,I4_2,200000,17965211
59543891,I4_2,200000,17936680
686616605,I4_2,200000,17932763
184576992,I4_1,100000,17833164
300241608,I4_1,100000,17839324
678547466,I4_1,100000,17826118
428784675,I4_2,200000,17928630
504074346,I4_1,100000,17821963
961434655,I4_2,200000,17911389
549509029,I4_2,200000,17916463
134344193,I4_2,200000,17923479
101696847,I4_2,200000,17908016
462994414,I4_1,100000,17801798
742570777,I4_2,200000,17903414
976973871,I4_2,200000,17897162
520035880,I4_1,100000,17798678
975937297,I4_2,200000,17894181
35842550,I4_1,100000,17788796
147481893,I4_2,200000,17893033
704680956,I4_1,100000,17786873
464871003,I4_2,200000,17878010
21973093,I4_2,200000,17885858
113481914,I4_1,100000,17730190
161598100,I4_1,100000,17720734
388109652,I4_1,100000,17683526
115926997,I4_2,200000,17869696
172144469,I4_2,200000,17802053
744019722,I4_1,100000,17682405
634771125,I4_2,200000,17759534
650831838,I4_1,100000,17666107
376599225,I4_2,200000,17768568
858163139,I4_2,200000,17768600
361678532,I4_1,100000,17657318
520608146,I4_1,100000,17647222
259524041,I4_2,200000,17722045
863980342,I4_1,100000,17609549
108534502,I4_1,100000,17608693
323232479,I4_2,200000,17707929
154847212,I4_1,100000,17596507
220946922,I4_1,100000,17608759
715464057,I4_2,200000,17700884
113627664,I4_1,100000,17591340
349778943,I4_2,200000,17678344
168393988,I4_1,100000,17576265
9171547,I4_2,200000,17667516
319059180,I4_1,100000,17562991
412661529,I4_2,200000,17666338
413603199,I4_2,200000,17646238
883674930,I4_1,100000,17535887
448925652,I4_1,100000,17532652
586430845,I4_2,200000,17651213
836741808,I4_1,100000,17556474
860752519,I4_2,200000,17624944
695443957,I4_2,200000,17647433
188761737,I4_2,200000,17624942
665687685,I4_2,200000,17617922
564656645,I4_2,200000,17617954
450365250,I4_1,100000,17515700
902683804,I4_1,100000,17513409
457218847,I4_2,200000,17609870
433429086,I4_1,100000,17507621
28342763,I4_2,200000,17601792
827819176,I4_1,100000,17489345
772853031,I4_2,200000,17581320
853653240,I4_1,100000,17484176
510551802,I4_1,100000,17489383
539467515,I4_2,200000,17581368
758874494,I4_1,100000,17477794
594202920,I4_1,100000,17476644
78876407,I4_2,200000,17562066
961483026,I4_1,100000,17449279
441535429,I4_2,200000,17545128
746646741,I4_2,200000,17559916
918335410,I4_1,100000,17426413
285476296,I4_1,100000,17432669
336252178,I4_1,100000,17422471
85925630,I4_1,100000,17436649
204270453,I4_2,200000,17503760
801860662,I4_1,100000,17402129
836190940,I4_1,100000,17420280
903749820,I4_1,100000,17392950
477926831,I4_2,200000,17494526
436813765,I4_2,200000,17479165
353298217,I4_2,200000,17488240
520139553,I4_2,200000,17484397
542972450,I4_1,100000,17371651
376603235,I4_2,200000,17460081
848493557,I4_2,200000,17458035
15779980,I4_1,100000,17361793
538454395,I4_2,200000,17456889
958893203,I4_2,200000,17453703
621969661,I4_2,200000,17442975
16353083,I4_2,200000,17466221
583786784,I4_1,100000,17347658
729431652,I4_1,100000,17340195
969988834,I4_1,100000,17345432
992781577,I4_2,200000,17433812
545893857,I4_2,200000,17419308
354920698,I4_1,100000,17319484
251281953,I4_2,200000,17416140
186793852,I4_1,100000,17318534
167685690,I4_1,100000,17299182
955490499,I4_2,200000,17393220
777100120,I4_1,100000,17299235
201646691,I4_2,200000,17390238
217752201,I4_2,200000,17386028
36235275,I4_2,200000,17393294
146647899,I4_2,200000,17377087
89369930,I4_1,100000,17269793
690029616,I4_1,100000,17262577
615039283,I4_2,200000,17355690
85193855,I4_2,200000,17362075
105440052,I4_1,100000,17256684
578438866,I4_1,100000,17246473
421724131,I4_2,200000,17336243
913443788,I4_1,100000,17248698
981958516,I4_1,100000,17254510
733800702,I4_1,100000,17227071
716353617,I4_2,200000,17333023
453071710,I4_1,100000,17221174
421023251,I4_2,200000,17313565
133905196,I4_1,100000,17235318
458771280,I4_1,100000,17183420
604865075,I4_2,200000,17275166
486367014,I4_1,100000,17171576
362810683,I4_2,200000,17274294
802977411,I4_2,200000,17265085
189905967,I4_2,200000,17261029
41261874,I4_1,100000,17168226
470625685,I4_2,200000,17262888
850990414,I4_1,100000,17155365
332986157,I4_2,200000,17254658
436763598,I4_1,100000,17146333
465753260,I4_1,100000,17142402
470522580,I4_1,100000,17140151
968613014,I4_1,100000,17138863
958056499,I4_2,200000,17240763
389320793,I4_2,200000,17237732
456709611,I4_2,200000,17231671
153168314,I4_1,100000,17131093
982061629,I4_2,200000,17226147
297124118,I4_1,100000,17128106
246467690,I4_1,100000,17121043
793926247,I4_2,200000,17215483
788563699,I4_2,200000,17188034
932095767,I4_2,200000,17184864
917439715,I4_2,200000,17178473
271243409,I4_2,200000,17169628
81842090,I4_1,100000,17073116
821626124,I4_1,100000,17065443
34080198,I4_1,100000,17046137
591369630,I4_1,100000,17062241
104766224,I4_1,100000,17046058
650145807,I4_2,200000,17139180
488104812,I4_1,100000,17021518
121841312,I4_1,100000,17043137
228941515,I4_2,200000,17121118
826819169,I4_2,200000,17104863
792524873,I4_2,200000,17113095
692854060,I4_1,100000,17005589
8525939,I4_2,200000,17090880
838928640,I4_1,100000,16981207
710888354,I4_1,100000,16996517
922217076,I4_1,100000,16983376
735201546,I4_1,100000,16972284
243913807,I4_2,200000,17062440
746117322,I4_1,100000,16956826
655200510,I4_1,100000,16954628
874749395,I4_2,200000,17040276
286429637,I4_2,200000,17061320
390591251,I4_2,200000,17034146
838787138,I4_1,100000,16932288
269155964,I4_1,100000,16931110
736771763,I4_2,200000,17022968
988032067,I4_2,200000,17022989
383690367,I4_2,200000,17034183
477174378,I4_1,100000,16929010
629641091,I4_2,200000,17021855
785866663,I4_2,200000,17019552
424140329,I4_2,200000,17020697
668259342,I4_1,100000,16916563
230965184,I4_1,100000,16909363
489562196,I4_1,100000,16921584
44776216,I4_1,100000,16904301
603746264,I4_1,100000,16897247
516738467,I4_2,200000,16986705
21211021,I4_2,200000,17001759
570931145,I4_2,200000,16985440
636806520,I4_1,100000,16880787
867212184,I4_1,100000,16877626
773209705,I4_2,200000,16964322
542921316,I4_1,100000,16868582
951863620,I4_1,100000,16863662
52460379,I4_2,200000,16949203
807955677,I4_2,200000,16941044
809443574,I4_1,100000,16836373
239321139,I4_2,200000,16934817
819423356,I4_1,100000,16828206
679880987,I4_2,200000,16924076
508885707,I4_2,200000,16921877
749896853,I4_2,200000,16918820
94554747,I4_2,200000,16914736
910733672,I4_1,100000,16820273
112606824,I4_1,100000,16815109
604043151,I4_2,200000,16892269
876608949,I4_2,200000,16884206
145058669,I4_2,200000,16869953
487473073,I4_2,200000,16885419
385176950,I4_1,100000,16770540
295782842,I4_1,100000,16763354
330021076,I4_1,100000,16753501
732495745,I4_2,200000,16847756
742539905,I4_2,200000,16827201
517221163,I4_2,200000,16843573
129674184,I4_1,100000,16732172
42399236,I4_1,100000,16709891
935882486,I4_1,100000,16725216
812949217,I4_2,200000,16824104
798752929,I4_2,200000,16796175
977481726,I4_1,100000,16695722
904520841,I4_2,200000,16784983
116954165,I4_2,200000,16780932
392529900,I4_1,100000,16673390
888689824,I4_1,100000,16682166
606108958,I4_1,100000,16675255
783453596,I4_1,100000,16666249
246310945,I4_2,200000,16744516
239681478,I4_1,100000,16660068
281495788,I4_1,100000,16658881
890687545,I4_2,200000,16743357
266088568,I4_1,100000,16610445
683470070,I4_1,100000,16617564
44996916,I4_1,100000,16593097
526651501,I4_2,200000,16691886
515872710,I4_1,100000,16599099
578619341,I4_2,200000,16688934
909860248,I4_1,100000,16593147
45320329,I4_2,200000,16685776
718652036,I4_1,100000,16589205
456540378,I4_1,100000,16587998
295606731,I4_2,200000,16679154
494868333,I4_2,200000,16679122
834268285,I4_2,200000,16682416
774851398,I4_1,100000,16581866
559446157,I4_2,200000,16657958
338906318,I4_1,100000,16533367
55044158,I4_1,100000,16555296
731621607,I4_2,200000,16654418
185078605,I4_2,200000,16624890
874272137,I4_2,200000,16603626
881585171,I4_2,200000,16600460
363193032,I4_1,100000,16482506
478735026,I4_1,100000,16479145
915401072,I4_1,100000,16485714
649866210,I4_1,100000,16471564
162707714,I4_1,100000,16468219
869262037,I4_2,200000,16563945
936550601,I4_2,200000,16558828
984434581,I4_2,200000,16558812
191276192,I4_1,100000,16462436
443231057,I4_2,200000,16557657
770195282,I4_1,100000,16455374
856830222,I4_1,100000,16452315
556832251,I4_2,200000,16543705
971348916,I4_1,100000,16444049
410601451,I4_2,200000,16540532
954917814,I4_1,100000,16434076
161190265,I4_2,200000,16528315
985955866,I4_1,100000,16434111
164775588,I4_1,100000,16430973
60061405,I4_2,200000,16524173
424603519,I4_2,200000,16518566
228961713,I4_2,200000,16502243
110202538,I4_1,100000,16421159
85704971,I4_2,200000,16502279
852133687,I4_2,200000,16498371
303669627,I4_2,200000,16489178
272347806,I4_1,100000,16378224
254816192,I4_1,100000,16380428
735671073,I4_2,200000,16481677
431794078,I4_1,100000,16377099
665082995,I4_2,200000,16470729
447154251,I4_2,200000,16466387
958178932,I4_1,100000,16372634
87499297,I4_2,200000,16464833
7347790,I4_1,100000,16348366
94171298,I4_1,100000,16340198
942633068,I4_1,100000,16309494
751833331,I4_2,200000,16441151
660088517,I4_2,200000,16402065
187304505,I4_2,200000,16394840
348756879,I4_2,200000,16399884
600939959,I4_2,200000,16393696
210678075,I4_2,200000,16382809
670506192,I4_1,100000,16286485
89673718,I4_1,100000,16282274
782893916,I4_1,100000,16295340
966367587,I4_2,200000,16378424
683359904,I4_1,100000,16270275
825219327,I4_2,200000,16356445
981020253,I4_2,200000,16349241
868004600,I4_1,100000,16219245
974508580,I4_1,100000,16231730
540815893,I4_2,200000,16312884
34829920,I4_1,100000,16204426
522018552,I4_1,100000,16199264
518687410,I4_1,100000,16198070
107608667,I4_2,200000,16290040
171134297,I4_2,200000,16292275
789279155,I4_2,200000,16290067
564067855,I4_2,200000,16282436
941605990,I4_1,100000,16185105
820421036,I4_1,100000,16182938
841611716,I4_1,100000,16170832
582401383,I4_2,200000,16266278
777169978,I4_1,100000,16180142
800949698,I4_1,100000,16168666
411877356,I4_1,100000,16146587
957784041,I4_2,200000,16249161
792008458,I4_1,100000,16164501
446725075,I4_2,200000,16244074
242010888,I4_1,100000,16139144
670896540,I4_1,100000,16128350
480235616,I4_1,100000,16127247
429251157,I4_2,200000,16221703
581436854,I4_1,100000,16127247
107164175,I4_2,200000,16227929
868627922,I4_1,100000,16113060
433066087,I4_2,200000,16203491
851100071,I4_2,200000,16198370
179469091,I4_2,200000,16198384
456813571,I4_2,200000,16193171
950867118,I4_1,100000,16087824
493959592,I4_1,100000,16055263
893396530,I4_1,100000,16064529
945386438,I4_1,100000,16078229
612586159,I4_2,200000,16145661
971692415,I4_2,200000,16141526
961824390,I4_1,100000,16043083
346969972,I4_1,100000,16034244
649549684,I4_1,100000,16012836
416999707,I4_2,200000,16114382
755434475,I4_2,200000,16125264
591881991,I4_2,200000,16111116
763461549,I4_2,200000,16107868
778272806,I4_1,100000,16008499
913509213,I4_2,200000,16107902
768612061,I4_2,200000,16104590
200741495,I4_2,200000,16104633
376200837,I4_2,200000,16107967
727723996,I4_1,100000,16002847
835468055,I4_2,200000,16081663
418728385,I4_2,200000,16084887
489104789,I4_2,200000,16078416
316907977,I4_2,200000,16077299
792206969,I4_2,200000,16071908
717196483,I4_2,200000,16063612
913804834,I4_1,100000,15952933
669837939,I4_2,200000,16051611
398920205,I4_2,200000,16055589
12129573,I4_2,200000,16048557
176390897,I4_2,200000,16040592
240441469,I4_2,200000,16035363
498999938,I4_1,100000,15933803
794807198,I4_1,100000,15911660
587824947,I4_2,200000,16011953
675648778,I4_1,100000,15910776
917827632,I4_1,100000,15907342
673806053,I4_2,200000,15999994
453030866,I4_1,100000,15895098
96520738,I4_1,100000,15888385
621101903,I4_2,200000,15985848
205958981,I4_2,200000,15987763
116561555,I4_2,200000,15973397
938550841,I4_2,200000,15976601
668476015,I4_2,200000,15967747
270806553,I4_2,200000,15955413
15623640,I4_1,100000,15871989
968124750,I4_1,100000,15846778
760457119,I4_2,200000,15964609
59330531,I4_2,200000,15936128
407163676,I4_1,100000,15831626
367044898,I4_1,100000,15824444
993819442,I4_1,100000,15820454
243765432,I4_1,100000,15822508
780796838,I4_1,100000,15816157
585067725,I4_2,200000,15908758
757082706,I4_1,100000,15808329
67760612,I4_1,100000,15804164
499231383,I4_2,200000,15899739
477397449,I4_2,200000,15899729
343618791,I4_2,200000,15893022
152458223,I4_2,200000,15894227
750482316,I4_1,100000,15788169
185796907,I4_2,200000,15898607
666757338,I4_1,100000,15792219
529267651,I4_2,200000,15885531
600559752,I4_1,100000,15784134
631527028,I4_1,100000,15781887
758648542,I4_1,100000,15775713
991961863,I4_2,200000,15874488
372825355,I4_2,200000,15872268
376075899,I4_2,200000,15847106
391656424,I4_1,100000,15774058
887819939,I4_2,200000,15871129
648600557,I4_2,200000,15847134
171054987,I4_2,200000,15845950
358887561,I4_2,200000,15843079
14410614,I4_1,100000,15741764
857527394,I4_1,100000,15738691
13819268,I4_1,100000,15719340
593645154,I4_1,100000,15717169
749383123,I4_2,200000,15814325
334420252,I4_1,100000,15688122
489604230,I4_1,100000,15711427
302763713,I4_2,200000,15818665
38952619,I4_2,200000,15782134
255028755,I4_2,200000,15791305
445122362,I4_1,100000,15682198
148959877,I4_2,200000,15762093
24740498,I4_1,100000,15669953
579058008,I4_1,100000,15657789
621497168,I4_1,100000,15664746
888767277,I4_2,200000,15754050
991650702,I4_1,100000,15632432
222548065,I4_2,200000,15703435
740259299,I4_2,200000,15721744
22416431,I4_2,200000,15702519
383776390,I4_1,100000,15595485
834048562,I4_1,100000,15605888
914220483,I4_2,200000,15693322
140295282,I4_1,100000,15589934
456801682,I4_1,100000,15582505
654741492,I4_1,100000,15565572
137593917,I4_2,200000,15656774
355365730,I4_1,100000,15575786
779545381,I4_2,200000,15654598
161795032,I4_1,100000,15582612
108486241,I4_2,200000,15651403
693555606,I4_1,100000,15552343
752240923,I4_2,200000,15662759
233540974,I4_1,100000,15541812
156391838,I4_1,100000,15546947
957787027,I4_2,200000,15634741
127764886,I4_1,100000,15535047
273905355,I4_2,200000,15639832
248443659,I4_2,200000,15637624
177182883,I4_2,200000,15636455
507238101,I4_2,200000,15622504
414850995,I4_2,200000,15617494
752481706,I4_1,100000,15533941
542174146,I4_1,100000,15515918
551059701,I4_2,200000,15612523
764673440,I4_1,100000,15504706
359887088,I4_1,100000,15496629
681392143,I4_2,200000,15607401
15666863,I4_2,200000,15598990
495644384,I4_1,100000,15493609
709074916,I4_1,100000,15490462
822040595,I4_2,200000,15585063
930920265,I4_2,200000,15576067
494096968,I4_1,100000,15475452
454366209,I4_2,200000,15571024
693340803,I4_2,200000,15580753
615303117,I4_2,200000,15560810
400630795,I4_2,200000,15556889
137769653,I4_2,200000,15568869
130263280,I4_1,100000,15453908
955190635,I4_2,200000,15551458
603499071,I4_2,200000,15540925
64775267,I4_2,200000,15540946
18431946,I4_1,100000,15444832
528965194,I4_1,100000,15443690
675189607,I4_2,200000,15528401
96895096,I4_1,100000,15422695
992319532,I4_1,100000,15415691
548257571,I4_2,200000,15509060
442063095,I4_2,200000,15502752
111467468,I4_1,100000,15398416
200219637,I4_2,200000,15495975
373333438,I4_1,100000,15396675
686085748,I4_1,100000,15396655
382484519,I4_2,200000,15469053
573841979,I4_2,200000,15475680
753601006,I4_1,100000,15393517
125962737,I4_2,200000,15469083
752140513,I4_2,200000,15456337
880891145,I4_2,200000,15447146
10798829,I4_2,200000,15431084
826971261,I4_2,200000,15447288
820000549,I4_2,200000,15399741
80072283,I4_2,200000,15390171
743352273,I4_2,200000,15391398
645018031,I4_2,200000,15386536
137698640,I4_1,100000,19120
