request_id,span,slo,latency
698769999,SayHelloI2,10000,33955
290298029,SayHelloI2,10000,38715
698881849,SayHelloI2,10000,33230
554094339,SayHelloI2,10000,63536
793570811,SayHelloI2,10000,67626
2691211,SayHelloI2,10000,67039
748093162,SayHelloI2,10000,36096
813898821,SayHelloI2,10000,40860
108721356,SayHelloI2,10000,48793
565147433,SayHelloI2,10000,63881
380283620,SayHelloI2,10000,54909
245088074,SayHelloI2,10000,49039
891908059,SayHelloI2,10000,60074
24570711,SayHelloI2,10000,38124
192070923,SayHelloI2,10000,33173
17851315,SayHelloI2,10000,48704
218660109,SayHelloI2,10000,55641
870459983,SayHelloI2,10000,56656
148415477,SayHelloI2,10000,54594
94322750,SayHelloI2,10000,51555
210163922,SayHelloI2,10000,61628
459123062,SayHelloI2,10000,55768
500595439,SayHelloI2,10000,35398
312590201,SayHelloI2,10000,33076
372851708,SayHelloI2,10000,45681
275437474,SayHelloI2,10000,33124
136369732,SayHelloI2,10000,34997
186766278,SayHelloI2,10000,48956
506070747,SayHelloI2,10000,61979
694783301,SayHelloI2,10000,75950
949442574,SayHelloI2,10000,90941
502202318,SayHelloI2,10000,100916
411418954,SayHelloI2,10000,77679
967552886,SayHelloI2,10000,68682
848723708,SayHelloI2,10000,57495
548290506,SayHelloI2,10000,40601
384048509,SayHelloI2,10000,45118
910974998,SayHelloI2,10000,48653
239759458,SayHelloI2,10000,42119
843601846,SayHelloI2,10000,43791
705550025,SayHelloI2,10000,40697
264657091,SayHelloI2,10000,48632
418574226,SayHelloI2,10000,37938
656297889,SayHelloI2,10000,54188
808943677,SayHelloI2,10000,48977
974857804,SayHelloI2,10000,33064
962329800,SayHelloI2,10000,33203
373469012,SayHelloI2,10000,33156
995706572,SayHelloI2,10000,33425
89211817,SayHelloI2,10000,33935
912381785,SayHelloI2,10000,33299
250400614,SayHelloI2,10000,40755
491173237,SayHelloI2,10000,33105
539498539,SayHelloI2,10000,59586
638304685,SayHelloI2,10000,48880
748088894,SayHelloI2,10000,57825
293701453,SayHelloI2,10000,72776
238760880,SayHelloI2,10000,73624
480115441,SayHelloI2,10000,65576
792188891,SayHelloI2,10000,72716
407010528,SayHelloI2,10000,84714
838356666,SayHelloI2,10000,68706
356537524,SayHelloI2,10000,80942
483978138,SayHelloI2,10000,90910
834512475,SayHelloI2,10000,93022
327865755,SayHelloI2,10000,103965
704411033,SayHelloI2,10000,113856
646154271,SayHelloI2,10000,121325
897584225,SayHelloI2,10000,132261
597519795,SayHelloI2,10000,139351
81355840,SayHelloI2,10000,141399
745855215,SayHelloI2,10000,148339
19665678,SayHelloI2,10000,154508
316671255,SayHelloI2,10000,169476
438277173,SayHelloI2,10000,175672
516002429,SayHelloI2,10000,142407
61126751,SayHelloI2,10000,153355
216216330,SayHelloI2,10000,126300
186726807,SayHelloI2,10000,132432
98271740,SayHelloI2,10000,134397
977732429,SayHelloI2,10000,133395
364268599,SayHelloI2,10000,133362
394281874,SayHelloI2,10000,140438
688982743,SayHelloI2,10000,143393
4600744,SayHelloI2,10000,147353
663804425,SayHelloI2,10000,150531
15986058,SayHelloI2,10000,137348
187333954,SayHelloI2,10000,145514
371153124,SayHelloI2,10000,128264
114810333,SayHelloI2,10000,133135
572252077,SayHelloI2,10000,128293
85049107,SayHelloI2,10000,106019
573571883,SayHelloI2,10000,112057
840969440,SayHelloI2,10000,93893
115755165,SayHelloI2,10000,100881
102480865,SayHelloI2,10000,113833
347814129,SayHelloI2,10000,120125
110294606,SayHelloI2,10000,118163
593870399,SayHelloI2,10000,133254
29916221,SayHelloI2,10000,96181
567688570,SayHelloI2,10000,107968
870012185,SayHelloI2,10000,121936
404624168,SayHelloI2,10000,133913
689339623,SayHelloI2,10000,93957
723707653,SayHelloI2,10000,103811
550606992,SayHelloI2,10000,118764
286440874,SayHelloI2,10000,108845
929077105,SayHelloI2,10000,107068
763318350,SayHelloI2,10000,98092
115649607,SayHelloI2,10000,98208
318796288,SayHelloI2,10000,88064
26953522,SayHelloI2,10000,90088
99390690,SayHelloI2,10000,99027
746035172,SayHelloI2,10000,108195
649979272,SayHelloI2,10000,119131
336683385,SayHelloI2,10000,132070
914860100,SayHelloI2,10000,137413
201212460,SayHelloI2,10000,144479
295409627,SayHelloI2,10000,145611
954587434,SayHelloI2,10000,154531
84150643,SayHelloI2,10000,165549
327266477,SayHelloI2,10000,175744
986758565,SayHelloI2,10000,120252
223536558,SayHelloI2,10000,120276
621410707,SayHelloI2,10000,128272
330485590,SayHelloI2,10000,137368
102495972,SayHelloI2,10000,110217
120330203,SayHelloI2,10000,100105
12287037,SayHelloI2,10000,106993
13460295,SayHelloI2,10000,89905
115926880,SayHelloI2,10000,85935
839840296,SayHelloI2,10000,99912
286792582,SayHelloI2,10000,113238
48311116,SayHelloI2,10000,121131
855631808,SayHelloI2,10000,136103
864356551,SayHelloI2,10000,105077
367373243,SayHelloI2,10000,121158
508504735,SayHelloI2,10000,131061
739475904,SayHelloI2,10000,136377
763980189,SayHelloI2,10000,133301
294187917,SayHelloI2,10000,123075
264371213,SayHelloI2,10000,139223
429428938,SayHelloI2,10000,113152
290474834,SayHelloI2,10000,106968
133805686,SayHelloI2,10000,100961
577710066,SayHelloI2,10000,64669
978742352,SayHelloI2,10000,56913
410130835,SayHelloI2,10000,59428
357913123,SayHelloI2,10000,41044
954619082,SayHelloI2,10000,48811
166853807,SayHelloI2,10000,53595
770570588,SayHelloI2,10000,59468
423696200,SayHelloI2,10000,51629
999413996,SayHelloI2,10000,61992
801977230,SayHelloI2,10000,44049
177570994,SayHelloI2,10000,39022
766266733,SayHelloI2,10000,33003
852872120,SayHelloI2,10000,48664
577908274,SayHelloI2,10000,58617
197886670,SayHelloI2,10000,71619
110317052,SayHelloI2,10000,60477
577647974,SayHelloI2,10000,50593
798388015,SayHelloI2,10000,63579
571673372,SayHelloI2,10000,65392
376202749,SayHelloI2,10000,60923
330345991,SayHelloI2,10000,59318
450009014,SayHelloI2,10000,49008
750248346,SayHelloI2,10000,48780
8887616,SayHelloI2,10000,48726
199940618,SayHelloI2,10000,64757
365517771,SayHelloI2,10000,75551
753497369,SayHelloI2,10000,74516
82100414,SayHelloI2,10000,77757
98432830,SayHelloI2,10000,66705
69240778,SayHelloI2,10000,70663
180944223,SayHelloI2,10000,85613
401381927,SayHelloI2,10000,75385
275240240,SayHelloI2,10000,35000
378600674,SayHelloI2,10000,33097
337644944,SayHelloI2,10000,44949
502136706,SayHelloI2,10000,41261
298830521,SayHelloI2,10000,34168
464738494,SayHelloI2,10000,48855
858421932,SayHelloI2,10000,55799
680939055,SayHelloI2,10000,69711
206854359,SayHelloI2,10000,68514
717284988,SayHelloI2,10000,52761
623544322,SayHelloI2,10000,82129
994649965,SayHelloI2,10000,48692
563358031,SayHelloI2,10000,44978
975687612,SayHelloI2,10000,35721
756415238,SayHelloI2,10000,48753
584629704,SayHelloI2,10000,48089
125882053,SayHelloI2,10000,58971
725591289,SayHelloI2,10000,49031
506835229,SayHelloI2,10000,56849
736167530,SayHelloI2,10000,70814
254270400,SayHelloI2,10000,81722
145517188,SayHelloI2,10000,96759
936350593,SayHelloI2,10000,102659
617208448,SayHelloI2,10000,97036
71113309,SayHelloI2,10000,108908
983016145,SayHelloI2,10000,117732
752384480,SayHelloI2,10000,102919
365931989,SayHelloI2,10000,104955
990607037,SayHelloI2,10000,103184
836518624,SayHelloI2,10000,50203
86541415,SayHelloI2,10000,33033
320869113,SayHelloI2,10000,35727
795117838,SayHelloI2,10000,48730
636721129,SayHelloI2,10000,56677
59808588,SayHelloI2,10000,55809
172861817,SayHelloI2,10000,65743
163205378,SayHelloI2,10000,48815
590480332,SayHelloI2,10000,57745
719208376,SayHelloI2,10000,72703
219302118,SayHelloI2,10000,58514
23326043,SayHelloI2,10000,55618
171355549,SayHelloI2,10000,68279
313353242,SayHelloI2,10000,33048
985044923,SayHelloI2,10000,40769
458106668,SayHelloI2,10000,48844
65298153,SayHelloI2,10000,61883
808509224,SayHelloI2,10000,58768
309307405,SayHelloI2,10000,51649
161339859,SayHelloI2,10000,48846
635771087,SayHelloI2,10000,54718
846745594,SayHelloI2,10000,61535
453340668,SayHelloI2,10000,66382
951105862,SayHelloI2,10000,47681
425620314,SayHelloI2,10000,34729
310109734,SayHelloI2,10000,45680
200646109,SayHelloI2,10000,33042
971640797,SayHelloI2,10000,48689
799856963,SayHelloI2,10000,59678
32667698,SayHelloI2,10000,65612
941913686,SayHelloI2,10000,80520
590263327,SayHelloI2,10000,91460
421574109,SayHelloI2,10000,104417
146884506,SayHelloI2,10000,91837
516317328,SayHelloI2,10000,106783
980150882,SayHelloI2,10000,115712
398233613,SayHelloI2,10000,130668
885740010,SayHelloI2,10000,103041
69612077,SayHelloI2,10000,107015
714404497,SayHelloI2,10000,111028
159921573,SayHelloI2,10000,118976
543144431,SayHelloI2,10000,130063
69216116,SayHelloI2,10000,134333
879293619,SayHelloI2,10000,140319
842425252,SayHelloI2,10000,141281
471074980,SayHelloI2,10000,124119
362645631,SayHelloI2,10000,115115
989449472,SayHelloI2,10000,125131
209259192,SayHelloI2,10000,125127
431168673,SayHelloI2,10000,140196
753623889,SayHelloI2,10000,145397
516213934,SayHelloI2,10000,148246
389855318,SayHelloI2,10000,97937
931616037,SayHelloI2,10000,105988
436416921,SayHelloI2,10000,116946
207428613,SayHelloI2,10000,96852
739231066,SayHelloI2,10000,103665
106687114,SayHelloI2,10000,103930
70799776,SayHelloI2,10000,89789
312588835,SayHelloI2,10000,104771
307755888,SayHelloI2,10000,119712
632658400,SayHelloI2,10000,97020
524718308,SayHelloI2,10000,82969
519660282,SayHelloI2,10000,81857
121957081,SayHelloI2,10000,90870
67432812,SayHelloI2,10000,104807
293144697,SayHelloI2,10000,100999
620131077,SayHelloI2,10000,112058
750943554,SayHelloI2,10000,97061
124874784,SayHelloI2,10000,104969
18946659,SayHelloI2,10000,102071
759355607,SayHelloI2,10000,101065
531609044,SayHelloI2,10000,103227
601064605,SayHelloI2,10000,110485
67737239,SayHelloI2,10000,102040
968032342,SayHelloI2,10000,118309
753462142,SayHelloI2,10000,124243
328908057,SayHelloI2,10000,132314
23636921,SayHelloI2,10000,135347
896038691,SayHelloI2,10000,147430
145378218,SayHelloI2,10000,148515
733692449,SayHelloI2,10000,155594
139075267,SayHelloI2,10000,163542
281882226,SayHelloI2,10000,177897
735938224,SayHelloI2,10000,177668
419323161,SayHelloI2,10000,160489
126129328,SayHelloI2,10000,145606
60543911,SayHelloI2,10000,148447
176400812,SayHelloI2,10000,154497
731323939,SayHelloI2,10000,170672
173394137,SayHelloI2,10000,177812
421323333,SayHelloI2,10000,189676
161543008,SayHelloI2,10000,197594
50353997,SayHelloI2,10000,202871
220532179,SayHelloI2,10000,204796
987428970,SayHelloI2,10000,216716
8036101,SayHelloI2,10000,210792
216482949,SayHelloI2,10000,214870
649489189,SayHelloI2,10000,220860
945011178,SayHelloI2,10000,190609
295597061,SayHelloI2,10000,172397
513526702,SayHelloI2,10000,141632
66480780,SayHelloI2,10000,54397
8196744,SayHelloI2,10000,32988
188261874,SayHelloI2,10000,33034
468687326,SayHelloI2,10000,45317
950615736,SayHelloI2,10000,36001
868982179,SayHelloI2,10000,32999
638713662,SayHelloI2,10000,48777
448838935,SayHelloI2,10000,63724
567208452,SayHelloI2,10000,51602
807171824,SayHelloI2,10000,61672
394290925,SayHelloI2,10000,76498
373288791,SayHelloI2,10000,88461
503909520,SayHelloI2,10000,99394
522054681,SayHelloI2,10000,64688
492957123,SayHelloI2,10000,71581
249514690,SayHelloI2,10000,72684
799042770,SayHelloI2,10000,35649
126162270,SayHelloI2,10000,46057
770461783,SayHelloI2,10000,32932
542147682,SayHelloI2,10000,48652
668283844,SayHelloI2,10000,51513
401931701,SayHelloI2,10000,63438
218804436,SayHelloI2,10000,57373
846858353,SayHelloI2,10000,67372
307746158,SayHelloI2,10000,62582
925203341,SayHelloI2,10000,61536
155830766,SayHelloI2,10000,63592
976937179,SayHelloI2,10000,78567
724659079,SayHelloI2,10000,76570
22800452,SayHelloI2,10000,52062
590753421,SayHelloI2,10000,32947
833848828,SayHelloI2,10000,36641
628200180,SayHelloI2,10000,48661
546339978,SayHelloI2,10000,58653
750379695,SayHelloI2,10000,70544
21922995,SayHelloI2,10000,49714
597287043,SayHelloI2,10000,62966
151733246,SayHelloI2,10000,32936
888339851,SayHelloI2,10000,46267
88295655,SayHelloI2,10000,42052
221367593,SayHelloI2,10000,48754
244706573,SayHelloI2,10000,57818
448352935,SayHelloI2,10000,71858
302047710,SayHelloI2,10000,68955
890492459,SayHelloI2,10000,35285
76831619,SayHelloI2,10000,32987
962873652,SayHelloI2,10000,33181
803025913,SayHelloI2,10000,34736
365931091,SayHelloI2,10000,35214
66164757,SayHelloI2,10000,48832
689753878,SayHelloI2,10000,62759
195685072,SayHelloI2,10000,78755
310675332,SayHelloI2,10000,74569
190624209,SayHelloI2,10000,69376
658862033,SayHelloI2,10000,84318
727462417,SayHelloI2,10000,49771
448849047,SayHelloI2,10000,47022
273223470,SayHelloI2,10000,32967
846749233,SayHelloI2,10000,33036
876236737,SayHelloI2,10000,48441
999345145,SayHelloI2,10000,41029
95784804,SayHelloI2,10000,32982
48246578,SayHelloI2,10000,35955
22778718,SayHelloI2,10000,33058
146615517,SayHelloI2,10000,46894
644429450,SayHelloI2,10000,33155
534922071,SayHelloI2,10000,60670
523999328,SayHelloI2,10000,33172
510190727,SayHelloI2,10000,48135
598473067,SayHelloI2,10000,33287
612629974,SayHelloI2,10000,48710
344126085,SayHelloI2,10000,33138
913248170,SayHelloI2,10000,46781
114965262,SayHelloI2,10000,48845
99439549,SayHelloI2,10000,53767
295226990,SayHelloI2,10000,39699
591549803,SayHelloI2,10000,35053
59484323,SayHelloI2,10000,48770
753138829,SayHelloI2,10000,56706
160305224,SayHelloI2,10000,65654
730087157,SayHelloI2,10000,81673
867462436,SayHelloI2,10000,94746
554448790,SayHelloI2,10000,105682
178152434,SayHelloI2,10000,84159
680080924,SayHelloI2,10000,84165
71620545,SayHelloI2,10000,48820
259516424,SayHelloI2,10000,59828
119321682,SayHelloI2,10000,74805
571333747,SayHelloI2,10000,72860
654389034,SayHelloI2,10000,79733
334941852,SayHelloI2,10000,77752
653483887,SayHelloI2,10000,89660
387635208,SayHelloI2,10000,102598
513838350,SayHelloI2,10000,101872
441181705,SayHelloI2,10000,81112
355935703,SayHelloI2,10000,88453
150517470,SayHelloI2,10000,48731
866798224,SayHelloI2,10000,60676
544555216,SayHelloI2,10000,70614
618399220,SayHelloI2,10000,69463
743126348,SayHelloI2,10000,66637
605974572,SayHelloI2,10000,71375
846313488,SayHelloI2,10000,32957
153489008,SayHelloI2,10000,39271
193322802,SayHelloI2,10000,33054
837509670,SayHelloI2,10000,38795
790764135,SayHelloI2,10000,33001
199579963,SayHelloI2,10000,40314
448752431,SayHelloI2,10000,32923
449163155,SayHelloI2,10000,48617
886852121,SayHelloI2,10000,53567
607070879,SayHelloI2,10000,49517
26696000,SayHelloI2,10000,54453
223072068,SayHelloI2,10000,54571
644013983,SayHelloI2,10000,52561
959649405,SayHelloI2,10000,50560
548013785,SayHelloI2,10000,62565
845496117,SayHelloI2,10000,77510
574798062,SayHelloI2,10000,77690
936048523,SayHelloI2,10000,78690
108260197,SayHelloI2,10000,76690
274085336,SayHelloI2,10000,69614
823995524,SayHelloI2,10000,79701
516379282,SayHelloI2,10000,69649
36689827,SayHelloI2,10000,67648
254787648,SayHelloI2,10000,76675
311696232,SayHelloI2,10000,63522
967656782,SayHelloI2,10000,52536
669779870,SayHelloI2,10000,59526
897975309,SayHelloI2,10000,59520
603780888,SayHelloI2,10000,73434
19879992,SayHelloI2,10000,69604
933374028,SayHelloI2,10000,66223
153393993,SayHelloI2,10000,33013
222095629,SayHelloI2,10000,33660
60734453,SayHelloI2,10000,32960
225252563,SayHelloI2,10000,33742
39470158,SayHelloI2,10000,43167
569443618,SayHelloI2,10000,33065
182039299,SayHelloI2,10000,48796
928934902,SayHelloI2,10000,58731
843992493,SayHelloI2,10000,52162
528295171,SayHelloI2,10000,60569
190788505,SayHelloI2,10000,48736
477389045,SayHelloI2,10000,59669
327962561,SayHelloI2,10000,74579
989244377,SayHelloI2,10000,82523
480688737,SayHelloI2,10000,65614
50960784,SayHelloI2,10000,37631
922620247,SayHelloI2,10000,44746
805152878,SayHelloI2,10000,33058
721888628,SayHelloI2,10000,37996
509857718,SayHelloI2,10000,48955
737544445,SayHelloI2,10000,60877
901849997,SayHelloI2,10000,75793
883628819,SayHelloI2,10000,80832
713217086,SayHelloI2,10000,73732
780708971,SayHelloI2,10000,58481
156728053,SayHelloI2,10000,42729
844794085,SayHelloI2,10000,51695
297506391,SayHelloI2,10000,41079
514840450,SayHelloI2,10000,37002
834632408,SayHelloI2,10000,48696
621671330,SayHelloI2,10000,61690
147768106,SayHelloI2,10000,62500
460673080,SayHelloI2,10000,49359
83351263,SayHelloI2,10000,63551
778905348,SayHelloI2,10000,44718
158009062,SayHelloI2,10000,60036
819873569,SayHelloI2,10000,45996
451083277,SayHelloI2,10000,33127
674165548,SayHelloI2,10000,35664
276760638,SayHelloI2,10000,33035
471241255,SayHelloI2,10000,48746
408707279,SayHelloI2,10000,37021
871879341,SayHelloI2,10000,37734
815408485,SayHelloI2,10000,33265
868730177,SayHelloI2,10000,42711
879155050,SayHelloI2,10000,33081
221027695,SayHelloI2,10000,33432
96860914,SayHelloI2,10000,38946
81779253,SayHelloI2,10000,33262
909916909,SayHelloI2,10000,33338
378144975,SayHelloI2,10000,33429
729012076,SayHelloI2,10000,33357
